type,susceptibility,time,mean infection rate,std. dev
bsa-base,0.2,0,0.0502,0.0121
bsa-base,0.2,600,0.0537,0.0168
bsa-base,0.2,1200,0.0609,0.0258
bsa-base,0.2,1800,0.0675,0.0321
bsa-base,0.2,2400,0.0723,0.0399
bsa-base,0.2,3000,0.0784,0.0477
bsa-base,0.2,3600,0.0843,0.0515
bsa-base,0.2,4200,0.0914,0.0590
bsa-base,0.2,4800,0.1009,0.0660
bsa-base,0.2,5400,0.1052,0.0697
bsa-base,0.2,6000,0.1177,0.0785
bsa-base,0.2,6600,0.1268,0.0880
bsa-base,0.2,7200,0.1381,0.0980
bsa-base,0.2,7800,0.1468,0.1034
bsa-base,0.2,8400,0.1574,0.1137
bsa-base,0.2,9000,0.1683,0.1252
bsa-base,0.2,9600,0.1823,0.1344
bsa-base,0.2,10200,0.1908,0.1405
bsa-base,0.2,10800,0.2014,0.1465
bsa-base,0.2,11400,0.2137,0.1551
bsa-base,0.2,12000,0.2300,0.1709
bsa-base,0.2,12600,0.2421,0.1790
bsa-base,0.2,13200,0.2536,0.1847
bsa-base,0.2,13800,0.2716,0.1944
bsa-base,0.2,14400,0.2888,0.2012
bsa-base,0.2,15000,0.3029,0.2074
bsa-base,0.2,15600,0.3143,0.2131
bsa-base,0.2,16200,0.3315,0.2218
bsa-base,0.2,16800,0.3447,0.2290
bsa-base,0.2,17400,0.3597,0.2349
bsa-base,0.2,18000,0.3783,0.2414
bsa-base,0.2,18600,0.3976,0.2487
bsa-base,0.2,19200,0.4075,0.2520
bsa-base,0.2,19800,0.4236,0.2626
bsa-base,0.2,20400,0.4435,0.2665
bsa-base,0.2,21000,0.4583,0.2678
bsa-base,0.2,21600,0.4793,0.2665
bsa-base,0.2,22200,0.4922,0.2727
bsa-base,0.2,22800,0.5089,0.2741
bsa-base,0.2,23400,0.5233,0.2735
bsa-base,0.2,24000,0.5389,0.2731
bsa-base,0.2,24600,0.5573,0.2751
bsa-base,0.2,25200,0.5747,0.2724
bsa-base,0.2,25800,0.5909,0.2718
bsa-base,0.2,26400,0.6076,0.2712
bsa-base,0.2,27000,0.6246,0.2718
bsa-base,0.2,27600,0.6370,0.2670
bsa-base,0.2,28200,0.6492,0.2612
bsa-base,0.2,28800,0.6644,0.2581
bsa-base,0.2,29400,0.6775,0.2568
bsa-base,0.2,30000,0.6873,0.2572
bsa-base,0.2,30600,0.7018,0.2542
bsa-base,0.2,31200,0.7134,0.2492
bsa-base,0.2,31800,0.7277,0.2418
bsa-base,0.2,32400,0.7378,0.2403
bsa-base,0.2,33000,0.7496,0.2334
bsa-base,0.2,33600,0.7598,0.2313
bsa-base,0.2,34200,0.7721,0.2279
bsa-base,0.2,34800,0.7860,0.2249
bsa-base,0.2,35400,0.7951,0.2187
bsa-base,0.2,36000,0.8064,0.2152
bsa-base,0.2,36600,0.8147,0.2098
bsa-base,0.2,37200,0.8218,0.2045
bsa-base,0.2,37800,0.8285,0.2008
bsa-base,0.2,38400,0.8358,0.1957
bsa-base,0.2,39000,0.8478,0.1865
bsa-base,0.2,39600,0.8536,0.1865
bsa-base,0.2,40200,0.8618,0.1803
bsa-base,0.2,40800,0.8691,0.1748
bsa-base,0.2,41400,0.8733,0.1716
bsa-base,0.2,42000,0.8781,0.1673
bsa-base,0.2,42600,0.8863,0.1635
bsa-base,0.2,43200,0.8908,0.1626
bsa-base,0.2,43800,0.8932,0.1608
bsa-base,0.2,44400,0.8966,0.1587
bsa-base,0.2,45000,0.9031,0.1518
bsa-base,0.2,45600,0.9076,0.1477
bsa-base,0.2,46200,0.9118,0.1433
bsa-base,0.2,46800,0.9143,0.1404
bsa-base,0.2,47400,0.9177,0.1394
bsa-base,0.2,48000,0.9228,0.1360
bsa-base,0.2,48600,0.9251,0.1362
bsa-base,0.2,49200,0.9293,0.1345
bsa-base,0.2,49800,0.9324,0.1341
bsa-base,0.2,50400,0.9346,0.1318
bsa-base,0.2,51000,0.9373,0.1283
bsa-base,0.2,51600,0.9399,0.1254
bsa-base,0.2,52200,0.9436,0.1235
bsa-base,0.2,52800,0.9463,0.1216
bsa-base,0.2,53400,0.9488,0.1200
bsa-base,0.2,54000,0.9535,0.1103
bsa-base,0.2,54600,0.9545,0.1104
bsa-base,0.2,55200,0.9567,0.1105
bsa-base,0.2,55800,0.9598,0.1067
bsa-base,0.2,56400,0.9602,0.1068
bsa-base,0.2,57000,0.9602,0.1068
bsa-base,0.2,57600,0.9626,0.1052
bsa-base,0.2,58200,0.9639,0.1044
bsa-base,0.2,58800,0.9639,0.1044
bsa-base,0.2,59400,0.9651,0.1036
bsa-base,0.2,60000,0.9651,0.1036
bsa-base,0.2,60600,0.9671,0.1019
bsa-base,0.2,61200,0.9677,0.1013
bsa-base,0.2,61800,0.9699,0.0971
bsa-base,0.2,62400,0.9720,0.0906
bsa-base,0.2,63000,0.9729,0.0903
bsa-base,0.2,63600,0.9753,0.0870
bsa-base,0.2,64200,0.9765,0.0861
bsa-base,0.2,64800,0.9781,0.0787
bsa-base,0.2,65400,0.9781,0.0787
bsa-base,0.2,66000,0.9781,0.0787
bsa-base,0.2,66600,0.9786,0.0783
bsa-base,0.2,67200,0.9809,0.0753
bsa-base,0.2,67800,0.9815,0.0729
bsa-base,0.2,68400,0.9825,0.0709
bsa-base,0.2,69000,0.9836,0.0707
bsa-base,0.2,69600,0.9841,0.0703
bsa-base,0.2,70200,0.9847,0.0687
bsa-base,0.4,0,0.0248,0.0033
bsa-base,0.4,600,0.0290,0.0118
bsa-base,0.4,1200,0.0364,0.0195
bsa-base,0.4,1800,0.0446,0.0256
bsa-base,0.4,2400,0.0506,0.0391
bsa-base,0.4,3000,0.0584,0.0475
bsa-base,0.4,3600,0.0652,0.0493
bsa-base,0.4,4200,0.0783,0.0650
bsa-base,0.4,4800,0.0906,0.0742
bsa-base,0.4,5400,0.1041,0.0834
bsa-base,0.4,6000,0.1230,0.0967
bsa-base,0.4,6600,0.1416,0.1129
bsa-base,0.4,7200,0.1603,0.1246
bsa-base,0.4,7800,0.1793,0.1403
bsa-base,0.4,8400,0.2039,0.1503
bsa-base,0.4,9000,0.2237,0.1644
bsa-base,0.4,9600,0.2501,0.1741
bsa-base,0.4,10200,0.2766,0.1847
bsa-base,0.4,10800,0.3093,0.1973
bsa-base,0.4,11400,0.3469,0.2120
bsa-base,0.4,12000,0.3761,0.2201
bsa-base,0.4,12600,0.4039,0.2258
bsa-base,0.4,13200,0.4369,0.2334
bsa-base,0.4,13800,0.4732,0.2326
bsa-base,0.4,14400,0.5003,0.2342
bsa-base,0.4,15000,0.5324,0.2367
bsa-base,0.4,15600,0.5590,0.2446
bsa-base,0.4,16200,0.5911,0.2484
bsa-base,0.4,16800,0.6246,0.2559
bsa-base,0.4,17400,0.6531,0.2586
bsa-base,0.4,18000,0.6878,0.2561
bsa-base,0.4,18600,0.7101,0.2471
bsa-base,0.4,19200,0.7369,0.2400
bsa-base,0.4,19800,0.7580,0.2307
bsa-base,0.4,20400,0.7784,0.2211
bsa-base,0.4,21000,0.7995,0.2149
bsa-base,0.4,21600,0.8170,0.2094
bsa-base,0.4,22200,0.8326,0.1974
bsa-base,0.4,22800,0.8471,0.1875
bsa-base,0.4,23400,0.8623,0.1736
bsa-base,0.4,24000,0.8775,0.1640
bsa-base,0.4,24600,0.8884,0.1508
bsa-base,0.4,25200,0.9029,0.1351
bsa-base,0.4,25800,0.9113,0.1270
bsa-base,0.4,26400,0.9227,0.1129
bsa-base,0.4,27000,0.9322,0.0964
bsa-base,0.4,27600,0.9437,0.0817
bsa-base,0.4,28200,0.9525,0.0728
bsa-base,0.4,28800,0.9593,0.0658
bsa-base,0.4,29400,0.9655,0.0585
bsa-base,0.4,30000,0.9698,0.0526
bsa-base,0.4,30600,0.9730,0.0464
bsa-base,0.4,31200,0.9776,0.0399
bsa-base,0.4,31800,0.9792,0.0375
bsa-base,0.4,32400,0.9813,0.0332
bsa-base,0.4,33000,0.9837,0.0313
bsa-base,0.4,33600,0.9859,0.0287
bsa-base,0.4,34200,0.9870,0.0262
bsa-base,0.4,34800,0.9912,0.0200
bsa-base,0.4,35400,0.9917,0.0199
bsa-base,0.4,36000,0.9924,0.0176
bsa-base,0.4,36600,0.9947,0.0127
bsa-base,0.4,37200,0.9969,0.0084
bsa-base,0.4,37800,0.9969,0.0084
bsa-base,0.4,38400,0.9974,0.0079
bsa-base,0.4,39000,0.9979,0.0071
bsa-base,0.4,39600,0.9979,0.0071
bsa-base,0.4,40200,0.9979,0.0071
bsa-base,0.4,40800,0.9989,0.0053
bsa-base,0.4,41400,0.9989,0.0053
bsa-base,0.4,42000,0.9989,0.0053
bsa-base,0.4,42600,0.9989,0.0053
bsa-base,0.4,43200,0.9989,0.0053
bsa-base,0.4,43800,0.9994,0.0040
bsa-base,0.4,44400,0.9994,0.0040
bsa-base,0.4,45000,0.9994,0.0040
bsa-base,0.4,45600,0.9994,0.0040
bsa-base,0.4,46200,0.9994,0.0040
bsa-base,0.4,46800,0.9994,0.0040
bsa-base,0.4,47400,0.9994,0.0040
bsa-base,0.4,48000,1.0000,0.0000
bsa-base,0.6,0,0.0167,0.0015
bsa-base,0.6,600,0.0225,0.0105
bsa-base,0.6,1200,0.0311,0.0164
bsa-base,0.6,1800,0.0402,0.0236
bsa-base,0.6,2400,0.0466,0.0249
bsa-base,0.6,3000,0.0595,0.0385
bsa-base,0.6,3600,0.0744,0.0502
bsa-base,0.6,4200,0.0924,0.0606
bsa-base,0.6,4800,0.1128,0.0719
bsa-base,0.6,5400,0.1402,0.0854
bsa-base,0.6,6000,0.1737,0.1058
bsa-base,0.6,6600,0.2102,0.1255
bsa-base,0.6,7200,0.2484,0.1378
bsa-base,0.6,7800,0.2897,0.1492
bsa-base,0.6,8400,0.3440,0.1697
bsa-base,0.6,9000,0.3951,0.1811
bsa-base,0.6,9600,0.4516,0.1955
bsa-base,0.6,10200,0.5086,0.1987
bsa-base,0.6,10800,0.5611,0.2006
bsa-base,0.6,11400,0.6035,0.2021
bsa-base,0.6,12000,0.6499,0.1936
bsa-base,0.6,12600,0.6988,0.1889
bsa-base,0.6,13200,0.7503,0.1812
bsa-base,0.6,13800,0.7930,0.1734
bsa-base,0.6,14400,0.8216,0.1613
bsa-base,0.6,15000,0.8463,0.1527
bsa-base,0.6,15600,0.8735,0.1362
bsa-base,0.6,16200,0.8980,0.1257
bsa-base,0.6,16800,0.9113,0.1183
bsa-base,0.6,17400,0.9245,0.1098
bsa-base,0.6,18000,0.9388,0.0962
bsa-base,0.6,18600,0.9463,0.0915
bsa-base,0.6,19200,0.9567,0.0827
bsa-base,0.6,19800,0.9640,0.0704
bsa-base,0.6,20400,0.9700,0.0618
bsa-base,0.6,21000,0.9745,0.0537
bsa-base,0.6,21600,0.9809,0.0425
bsa-base,0.6,22200,0.9842,0.0331
bsa-base,0.6,22800,0.9865,0.0327
bsa-base,0.6,23400,0.9899,0.0291
bsa-base,0.6,24000,0.9924,0.0239
bsa-base,0.6,24600,0.9953,0.0159
bsa-base,0.6,25200,0.9960,0.0139
bsa-base,0.6,25800,0.9963,0.0139
bsa-base,0.6,26400,0.9967,0.0133
bsa-base,0.6,27000,0.9982,0.0065
bsa-base,0.6,27600,0.9993,0.0034
bsa-base,0.6,28200,0.9993,0.0034
bsa-base,0.6,28800,0.9993,0.0034
bsa-base,0.6,29400,0.9993,0.0034
bsa-base,0.6,30000,0.9993,0.0034
bsa-base,0.6,30600,0.9993,0.0034
bsa-base,0.6,31200,0.9993,0.0034
bsa-base,0.6,31800,0.9993,0.0034
bsa-base,0.6,32400,0.9996,0.0025
bsa-base,0.6,33000,0.9996,0.0025
bsa-base,0.6,33600,0.9996,0.0025
bsa-base,0.6,34200,0.9996,0.0025
bsa-base,0.6,34800,0.9996,0.0025
bsa-base,0.6,35400,0.9996,0.0025
bsa-base,0.6,36000,0.9996,0.0025
bsa-base,0.6,36600,1.0000,0.0000
bsa-base,0.8,0,0.0126,0.0008
bsa-base,0.8,600,0.0179,0.0096
bsa-base,0.8,1200,0.0289,0.0184
bsa-base,0.8,1800,0.0433,0.0333
bsa-base,0.8,2400,0.0551,0.0438
bsa-base,0.8,3000,0.0731,0.0562
bsa-base,0.8,3600,0.0996,0.0750
bsa-base,0.8,4200,0.1306,0.0942
bsa-base,0.8,4800,0.1699,0.1122
bsa-base,0.8,5400,0.2208,0.1349
bsa-base,0.8,6000,0.2723,0.1511
bsa-base,0.8,6600,0.3346,0.1734
bsa-base,0.8,7200,0.3966,0.1885
bsa-base,0.8,7800,0.4624,0.1968
bsa-base,0.8,8400,0.5403,0.2123
bsa-base,0.8,9000,0.6123,0.2037
bsa-base,0.8,9600,0.6719,0.1998
bsa-base,0.8,10200,0.7288,0.1894
bsa-base,0.8,10800,0.7807,0.1834
bsa-base,0.8,11400,0.8261,0.1649
bsa-base,0.8,12000,0.8641,0.1554
bsa-base,0.8,12600,0.8993,0.1347
bsa-base,0.8,13200,0.9231,0.1199
bsa-base,0.8,13800,0.9367,0.1048
bsa-base,0.8,14400,0.9535,0.0832
bsa-base,0.8,15000,0.9642,0.0693
bsa-base,0.8,15600,0.9711,0.0579
bsa-base,0.8,16200,0.9795,0.0451
bsa-base,0.8,16800,0.9840,0.0362
bsa-base,0.8,17400,0.9877,0.0283
bsa-base,0.8,18000,0.9898,0.0262
bsa-base,0.8,18600,0.9918,0.0188
bsa-base,0.8,19200,0.9935,0.0144
bsa-base,0.8,19800,0.9951,0.0117
bsa-base,0.8,20400,0.9959,0.0100
bsa-base,0.8,21000,0.9968,0.0093
bsa-base,0.8,21600,0.9976,0.0089
bsa-base,0.8,22200,0.9990,0.0044
bsa-base,0.8,22800,0.9990,0.0044
bsa-base,0.8,23400,0.9992,0.0041
bsa-base,0.8,24000,0.9992,0.0041
bsa-base,0.8,24600,0.9995,0.0038
bsa-base,0.8,25200,0.9995,0.0038
bsa-base,0.8,25800,0.9997,0.0019
bsa-base,0.8,26400,1.0000,0.0000
bsa-base,1.0,0,0.0100,0.0000
bsa-base,1.0,600,0.0150,0.0078
bsa-base,1.0,1200,0.0268,0.0176
bsa-base,1.0,1800,0.0416,0.0290
bsa-base,1.0,2400,0.0602,0.0417
bsa-base,1.0,3000,0.0890,0.0611
bsa-base,1.0,3600,0.1228,0.0877
bsa-base,1.0,4200,0.1704,0.1136
bsa-base,1.0,4800,0.2202,0.1369
bsa-base,1.0,5400,0.2872,0.1646
bsa-base,1.0,6000,0.3572,0.1911
bsa-base,1.0,6600,0.4412,0.2142
bsa-base,1.0,7200,0.5246,0.2233
bsa-base,1.0,7800,0.5992,0.2248
bsa-base,1.0,8400,0.6760,0.2251
bsa-base,1.0,9000,0.7434,0.2094
bsa-base,1.0,9600,0.8046,0.1853
bsa-base,1.0,10200,0.8552,0.1566
bsa-base,1.0,10800,0.8924,0.1245
bsa-base,1.0,11400,0.9210,0.0989
bsa-base,1.0,12000,0.9440,0.0791
bsa-base,1.0,12600,0.9590,0.0658
bsa-base,1.0,13200,0.9714,0.0514
bsa-base,1.0,13800,0.9798,0.0378
bsa-base,1.0,14400,0.9848,0.0262
bsa-base,1.0,15000,0.9898,0.0179
bsa-base,1.0,15600,0.9920,0.0150
bsa-base,1.0,16200,0.9952,0.0098
bsa-base,1.0,16800,0.9962,0.0087
bsa-base,1.0,17400,0.9978,0.0058
bsa-base,1.0,18000,0.9984,0.0046
bsa-base,1.0,18600,0.9992,0.0034
bsa-base,1.0,19200,0.9994,0.0031
bsa-base,1.0,19800,0.9998,0.0014
bsa-base,1.0,20400,0.9998,0.0014
bsa-base,1.0,21000,0.9998,0.0014
bsa-base,1.0,21600,1.0000,0.0000
bsa-disco,0.2,0,0.0494,0.0112
bsa-disco,0.2,600,0.0510,0.0125
bsa-disco,0.2,1200,0.0517,0.0124
bsa-disco,0.2,1800,0.0523,0.0138
bsa-disco,0.2,2400,0.0562,0.0210
bsa-disco,0.2,3000,0.0607,0.0293
bsa-disco,0.2,3600,0.0633,0.0322
bsa-disco,0.2,4200,0.0649,0.0320
bsa-disco,0.2,4800,0.0664,0.0342
bsa-disco,0.2,5400,0.0686,0.0366
bsa-disco,0.2,6000,0.0694,0.0373
bsa-disco,0.2,6600,0.0731,0.0396
bsa-disco,0.2,7200,0.0759,0.0434
bsa-disco,0.2,7800,0.0773,0.0457
bsa-disco,0.2,8400,0.0813,0.0489
bsa-disco,0.2,9000,0.0822,0.0514
bsa-disco,0.2,9600,0.0875,0.0538
bsa-disco,0.2,10200,0.0909,0.0564
bsa-disco,0.2,10800,0.0917,0.0578
bsa-disco,0.2,11400,0.0940,0.0609
bsa-disco,0.2,12000,0.0984,0.0663
bsa-disco,0.2,12600,0.1040,0.0697
bsa-disco,0.2,13200,0.1055,0.0727
bsa-disco,0.2,13800,0.1103,0.0764
bsa-disco,0.2,14400,0.1123,0.0802
bsa-disco,0.2,15000,0.1140,0.0823
bsa-disco,0.2,15600,0.1146,0.0838
bsa-disco,0.2,16200,0.1178,0.0827
bsa-disco,0.2,16800,0.1187,0.0847
bsa-disco,0.2,17400,0.1237,0.0904
bsa-disco,0.2,18000,0.1290,0.0928
bsa-disco,0.2,18600,0.1325,0.0960
bsa-disco,0.2,19200,0.1371,0.0981
bsa-disco,0.2,19800,0.1388,0.0984
bsa-disco,0.2,20400,0.1405,0.1031
bsa-disco,0.2,21000,0.1431,0.1068
bsa-disco,0.2,21600,0.1489,0.1122
bsa-disco,0.2,22200,0.1508,0.1121
bsa-disco,0.2,22800,0.1556,0.1135
bsa-disco,0.2,23400,0.1627,0.1227
bsa-disco,0.2,24000,0.1633,0.1240
bsa-disco,0.2,24600,0.1680,0.1296
bsa-disco,0.2,25200,0.1760,0.1319
bsa-disco,0.2,25800,0.1760,0.1319
bsa-disco,0.2,26400,0.1839,0.1439
bsa-disco,0.2,27000,0.1898,0.1497
bsa-disco,0.2,27600,0.1937,0.1499
bsa-disco,0.2,28200,0.1963,0.1515
bsa-disco,0.2,28800,0.2003,0.1524
bsa-disco,0.2,29400,0.2076,0.1618
bsa-disco,0.2,30000,0.2094,0.1616
bsa-disco,0.2,30600,0.2166,0.1679
bsa-disco,0.2,31200,0.2230,0.1714
bsa-disco,0.2,31800,0.2265,0.1728
bsa-disco,0.2,32400,0.2298,0.1714
bsa-disco,0.2,33000,0.2347,0.1806
bsa-disco,0.2,33600,0.2415,0.1851
bsa-disco,0.2,34200,0.2461,0.1868
bsa-disco,0.2,34800,0.2491,0.1897
bsa-disco,0.2,35400,0.2513,0.1928
bsa-disco,0.2,36000,0.2539,0.1936
bsa-disco,0.2,36600,0.2590,0.1978
bsa-disco,0.2,37200,0.2661,0.2011
bsa-disco,0.2,37800,0.2709,0.2029
bsa-disco,0.2,38400,0.2765,0.2040
bsa-disco,0.2,39000,0.2794,0.2068
bsa-disco,0.2,39600,0.2870,0.2157
bsa-disco,0.2,40200,0.2929,0.2177
bsa-disco,0.2,40800,0.3007,0.2223
bsa-disco,0.2,41400,0.3050,0.2247
bsa-disco,0.2,42000,0.3098,0.2293
bsa-disco,0.2,42600,0.3157,0.2301
bsa-disco,0.2,43200,0.3185,0.2311
bsa-disco,0.2,43800,0.3244,0.2292
bsa-disco,0.2,44400,0.3335,0.2284
bsa-disco,0.2,45000,0.3397,0.2307
bsa-disco,0.2,45600,0.3417,0.2328
bsa-disco,0.2,46200,0.3433,0.2340
bsa-disco,0.2,46800,0.3497,0.2333
bsa-disco,0.2,47400,0.3534,0.2357
bsa-disco,0.2,48000,0.3662,0.2353
bsa-disco,0.2,48600,0.3698,0.2359
bsa-disco,0.2,49200,0.3740,0.2363
bsa-disco,0.2,49800,0.3812,0.2394
bsa-disco,0.2,50400,0.3881,0.2401
bsa-disco,0.2,51000,0.3961,0.2424
bsa-disco,0.2,51600,0.3980,0.2431
bsa-disco,0.2,52200,0.4014,0.2423
bsa-disco,0.2,52800,0.4086,0.2463
bsa-disco,0.2,53400,0.4100,0.2454
bsa-disco,0.2,54000,0.4142,0.2469
bsa-disco,0.2,54600,0.4224,0.2512
bsa-disco,0.2,55200,0.4318,0.2525
bsa-disco,0.2,55800,0.4404,0.2544
bsa-disco,0.2,56400,0.4507,0.2562
bsa-disco,0.2,57000,0.4550,0.2551
bsa-disco,0.2,57600,0.4592,0.2576
bsa-disco,0.2,58200,0.4678,0.2569
bsa-disco,0.2,58800,0.4695,0.2562
bsa-disco,0.2,59400,0.4748,0.2540
bsa-disco,0.2,60000,0.4818,0.2551
bsa-disco,0.2,60600,0.4867,0.2564
bsa-disco,0.2,61200,0.4909,0.2555
bsa-disco,0.2,61800,0.4975,0.2553
bsa-disco,0.2,62400,0.5031,0.2532
bsa-disco,0.2,63000,0.5128,0.2553
bsa-disco,0.2,63600,0.5188,0.2558
bsa-disco,0.2,64200,0.5242,0.2546
bsa-disco,0.2,64800,0.5295,0.2523
bsa-disco,0.2,65400,0.5346,0.2564
bsa-disco,0.2,66000,0.5379,0.2566
bsa-disco,0.2,66600,0.5473,0.2595
bsa-disco,0.2,67200,0.5564,0.2601
bsa-disco,0.2,67800,0.5608,0.2630
bsa-disco,0.2,68400,0.5692,0.2644
bsa-disco,0.2,69000,0.5755,0.2672
bsa-disco,0.2,69600,0.5806,0.2651
bsa-disco,0.2,70200,0.5862,0.2660
bsa-disco,0.2,70800,0.5902,0.2666
bsa-disco,0.2,71400,0.5964,0.2650
bsa-disco,0.2,72000,0.6059,0.2593
bsa-disco,0.2,72600,0.6094,0.2588
bsa-disco,0.2,73200,0.6145,0.2572
bsa-disco,0.2,73800,0.6201,0.2591
bsa-disco,0.2,74400,0.6250,0.2575
bsa-disco,0.2,75000,0.6321,0.2580
bsa-disco,0.2,75600,0.6423,0.2583
bsa-disco,0.2,76200,0.6495,0.2565
bsa-disco,0.2,76800,0.6549,0.2593
bsa-disco,0.2,77400,0.6581,0.2591
bsa-disco,0.2,78000,0.6620,0.2586
bsa-disco,0.2,78600,0.6678,0.2592
bsa-disco,0.2,79200,0.6703,0.2601
bsa-disco,0.2,79800,0.6740,0.2615
bsa-disco,0.2,80400,0.6805,0.2617
bsa-disco,0.2,81000,0.6850,0.2595
bsa-disco,0.2,81600,0.6941,0.2568
bsa-disco,0.2,82200,0.6975,0.2577
bsa-disco,0.2,82800,0.7018,0.2548
bsa-disco,0.2,83400,0.7065,0.2546
bsa-disco,0.2,84000,0.7106,0.2554
bsa-disco,0.2,84600,0.7135,0.2545
bsa-disco,0.2,85200,0.7143,0.2552
bsa-disco,0.2,85800,0.7194,0.2524
bsa-disco,0.2,86400,0.7254,0.2485
bsa-disco,0.2,87000,0.7280,0.2487
bsa-disco,0.2,87600,0.7289,0.2466
bsa-disco,0.2,88200,0.7333,0.2455
bsa-disco,0.2,88800,0.7355,0.2448
bsa-disco,0.2,89400,0.7411,0.2442
bsa-disco,0.2,90000,0.7470,0.2396
bsa-disco,0.2,90600,0.7488,0.2394
bsa-disco,0.2,91200,0.7499,0.2387
bsa-disco,0.2,91800,0.7567,0.2388
bsa-disco,0.2,92400,0.7598,0.2375
bsa-disco,0.2,93000,0.7647,0.2361
bsa-disco,0.2,93600,0.7708,0.2324
bsa-disco,0.2,94200,0.7725,0.2332
bsa-disco,0.2,94800,0.7771,0.2319
bsa-disco,0.2,95400,0.7856,0.2279
bsa-disco,0.2,96000,0.7978,0.2178
bsa-disco,0.2,96600,0.8021,0.2173
bsa-disco,0.2,97200,0.8066,0.2135
bsa-disco,0.2,97800,0.8102,0.2097
bsa-disco,0.2,98400,0.8124,0.2103
bsa-disco,0.2,99000,0.8143,0.2103
bsa-disco,0.2,99600,0.8175,0.2095
bsa-disco,0.2,100200,0.8225,0.2006
bsa-disco,0.2,100800,0.8254,0.2007
bsa-disco,0.2,101400,0.8275,0.2007
bsa-disco,0.2,102000,0.8308,0.2002
bsa-disco,0.2,102600,0.8325,0.1975
bsa-disco,0.2,103200,0.8375,0.1926
bsa-disco,0.2,103800,0.8425,0.1887
bsa-disco,0.2,104400,0.8457,0.1834
bsa-disco,0.2,105000,0.8516,0.1826
bsa-disco,0.2,105600,0.8533,0.1807
bsa-disco,0.2,106200,0.8556,0.1767
bsa-disco,0.2,106800,0.8573,0.1770
bsa-disco,0.2,107400,0.8629,0.1726
bsa-disco,0.2,108000,0.8642,0.1720
bsa-disco,0.2,108600,0.8679,0.1667
bsa-disco,0.2,109200,0.8725,0.1590
bsa-disco,0.2,109800,0.8744,0.1585
bsa-disco,0.2,110400,0.8772,0.1544
bsa-disco,0.2,111000,0.8808,0.1510
bsa-disco,0.2,111600,0.8816,0.1511
bsa-disco,0.2,112200,0.8859,0.1501
bsa-disco,0.2,112800,0.8859,0.1501
bsa-disco,0.2,113400,0.8859,0.1501
bsa-disco,0.2,114000,0.8897,0.1475
bsa-disco,0.2,114600,0.8907,0.1468
bsa-disco,0.2,115200,0.8977,0.1417
bsa-disco,0.2,115800,0.9008,0.1392
bsa-disco,0.2,116400,0.9030,0.1371
bsa-disco,0.2,117000,0.9043,0.1365
bsa-disco,0.2,117600,0.9090,0.1289
bsa-disco,0.2,118200,0.9124,0.1249
bsa-disco,0.2,118800,0.9146,0.1215
bsa-disco,0.2,119400,0.9169,0.1186
bsa-disco,0.2,120000,0.9189,0.1188
bsa-disco,0.2,120600,0.9201,0.1182
bsa-disco,0.2,121200,0.9220,0.1148
bsa-disco,0.2,121800,0.9238,0.1138
bsa-disco,0.2,122400,0.9261,0.1113
bsa-disco,0.2,123000,0.9283,0.1102
bsa-disco,0.2,123600,0.9314,0.1069
bsa-disco,0.2,124200,0.9314,0.1069
bsa-disco,0.2,124800,0.9363,0.1032
bsa-disco,0.2,125400,0.9391,0.0993
bsa-disco,0.2,126000,0.9413,0.1000
bsa-disco,0.2,126600,0.9413,0.1000
bsa-disco,0.2,127200,0.9423,0.0976
bsa-disco,0.2,127800,0.9443,0.0955
bsa-disco,0.2,128400,0.9443,0.0955
bsa-disco,0.2,129000,0.9462,0.0922
bsa-disco,0.2,129600,0.9462,0.0922
bsa-disco,0.2,130200,0.9483,0.0879
bsa-disco,0.2,130800,0.9506,0.0844
bsa-disco,0.2,131400,0.9517,0.0833
bsa-disco,0.2,132000,0.9517,0.0833
bsa-disco,0.2,132600,0.9527,0.0809
bsa-disco,0.2,133200,0.9527,0.0809
bsa-disco,0.2,133800,0.9547,0.0780
bsa-disco,0.2,134400,0.9558,0.0773
bsa-disco,0.2,135000,0.9569,0.0768
bsa-disco,0.2,135600,0.9569,0.0768
bsa-disco,0.2,136200,0.9582,0.0734
bsa-disco,0.2,136800,0.9582,0.0734
bsa-disco,0.2,137400,0.9592,0.0737
bsa-disco,0.2,138000,0.9606,0.0726
bsa-disco,0.2,138600,0.9625,0.0685
bsa-disco,0.2,139200,0.9650,0.0643
bsa-disco,0.2,139800,0.9675,0.0610
bsa-disco,0.2,140400,0.9675,0.0610
bsa-disco,0.2,141000,0.9675,0.0610
bsa-disco,0.2,141600,0.9704,0.0570
bsa-disco,0.2,142200,0.9715,0.0561
bsa-disco,0.2,142800,0.9726,0.0561
bsa-disco,0.2,143400,0.9752,0.0527
bsa-disco,0.2,144000,0.9752,0.0527
bsa-disco,0.2,144600,0.9752,0.0527
bsa-disco,0.2,145200,0.9752,0.0527
bsa-disco,0.2,145800,0.9752,0.0527
bsa-disco,0.2,146400,0.9759,0.0522
bsa-disco,0.2,147000,0.9759,0.0522
bsa-disco,0.2,147600,0.9773,0.0484
bsa-disco,0.2,148200,0.9773,0.0484
bsa-disco,0.2,148800,0.9773,0.0484
bsa-disco,0.2,149400,0.9773,0.0484
bsa-disco,0.2,150000,0.9780,0.0484
bsa-disco,0.2,150600,0.9780,0.0484
bsa-disco,0.2,151200,0.9825,0.0467
bsa-disco,0.2,151800,0.9835,0.0465
bsa-disco,0.2,152400,0.9835,0.0465
bsa-disco,0.2,153000,0.9835,0.0465
bsa-disco,0.2,153600,0.9835,0.0465
bsa-disco,0.2,154200,0.9849,0.0459
bsa-disco,0.2,154800,0.9861,0.0455
bsa-disco,0.2,155400,0.9861,0.0455
bsa-disco,0.2,156000,0.9861,0.0455
bsa-disco,0.2,156600,0.9861,0.0455
bsa-disco,0.2,157200,0.9861,0.0455
bsa-disco,0.2,157800,0.9861,0.0455
bsa-disco,0.2,158400,0.9861,0.0455
bsa-disco,0.2,159000,0.9861,0.0455
bsa-disco,0.2,159600,0.9861,0.0455
bsa-disco,0.2,160200,0.9861,0.0455
bsa-disco,0.2,160800,0.9861,0.0455
bsa-disco,0.2,161400,0.9861,0.0455
bsa-disco,0.2,162000,0.9861,0.0455
bsa-disco,0.2,162600,0.9861,0.0455
bsa-disco,0.2,163200,0.9861,0.0455
bsa-disco,0.2,163800,0.9861,0.0455
bsa-disco,0.2,164400,0.9861,0.0455
bsa-disco,0.2,165000,0.9861,0.0455
bsa-disco,0.2,165600,0.9861,0.0455
bsa-disco,0.2,166200,0.9861,0.0455
bsa-disco,0.2,166800,0.9861,0.0455
bsa-disco,0.2,167400,0.9861,0.0455
bsa-disco,0.2,168000,0.9861,0.0455
bsa-disco,0.2,168600,0.9861,0.0455
bsa-disco,0.2,169200,0.9861,0.0455
bsa-disco,0.2,169800,0.9861,0.0455
bsa-disco,0.2,170400,0.9861,0.0455
bsa-disco,0.2,171000,0.9861,0.0455
bsa-disco,0.2,171600,0.9878,0.0376
bsa-disco,0.2,172200,0.9878,0.0376
bsa-disco,0.2,172800,0.9888,0.0372
bsa-disco,0.2,173400,0.9888,0.0372
bsa-disco,0.2,174000,0.9888,0.0372
bsa-disco,0.2,174600,0.9899,0.0336
bsa-disco,0.2,175200,0.9899,0.0336
bsa-disco,0.2,175800,0.9899,0.0336
bsa-disco,0.2,176400,0.9899,0.0336
bsa-disco,0.2,177000,0.9899,0.0336
bsa-disco,0.2,177600,0.9899,0.0336
bsa-disco,0.2,178200,0.9899,0.0336
bsa-disco,0.2,178800,0.9899,0.0336
bsa-disco,0.2,179400,0.9899,0.0336
bsa-disco,0.2,180000,0.9899,0.0336
bsa-disco,0.2,180600,0.9899,0.0336
bsa-disco,0.2,181200,0.9899,0.0336
bsa-disco,0.2,181800,0.9899,0.0336
bsa-disco,0.2,182400,0.9899,0.0336
bsa-disco,0.2,183000,0.9899,0.0336
bsa-disco,0.2,183600,0.9899,0.0336
bsa-disco,0.2,184200,0.9899,0.0336
bsa-disco,0.2,184800,0.9920,0.0308
bsa-disco,0.2,185400,0.9920,0.0308
bsa-disco,0.2,186000,0.9929,0.0303
bsa-disco,0.2,186600,0.9929,0.0303
bsa-disco,0.2,187200,0.9929,0.0303
bsa-disco,0.2,187800,0.9929,0.0303
bsa-disco,0.2,188400,0.9929,0.0303
bsa-disco,0.2,189000,0.9929,0.0303
bsa-disco,0.2,189600,0.9929,0.0303
bsa-disco,0.2,190200,0.9929,0.0303
bsa-disco,0.2,190800,0.9929,0.0303
bsa-disco,0.2,191400,0.9929,0.0303
bsa-disco,0.2,192000,0.9940,0.0296
bsa-disco,0.2,192600,0.9953,0.0250
bsa-disco,0.2,193200,0.9953,0.0250
bsa-disco,0.2,193800,0.9953,0.0250
bsa-disco,0.2,194400,0.9953,0.0250
bsa-disco,0.2,195000,0.9953,0.0250
bsa-disco,0.2,195600,0.9953,0.0250
bsa-disco,0.2,196200,0.9953,0.0250
bsa-disco,0.2,196800,0.9953,0.0250
bsa-disco,0.2,197400,0.9953,0.0250
bsa-disco,0.2,198000,0.9953,0.0250
bsa-disco,0.2,198600,0.9953,0.0250
bsa-disco,0.2,199200,0.9953,0.0250
bsa-disco,0.2,199800,0.9953,0.0250
bsa-disco,0.2,200400,0.9953,0.0250
bsa-disco,0.2,201000,0.9953,0.0250
bsa-disco,0.2,201600,0.9953,0.0250
bsa-disco,0.2,202200,0.9953,0.0250
bsa-disco,0.2,202800,0.9953,0.0250
bsa-disco,0.2,203400,0.9953,0.0250
bsa-disco,0.2,204000,0.9953,0.0250
bsa-disco,0.2,204600,0.9967,0.0233
bsa-disco,0.2,205200,0.9967,0.0233
bsa-disco,0.2,205800,0.9983,0.0117
bsa-disco,0.2,206400,1.0000,0.0000
bsa-disco,0.4,0,0.0248,0.0033
bsa-disco,0.4,600,0.0270,0.0089
bsa-disco,0.4,1200,0.0283,0.0099
bsa-disco,0.4,1800,0.0294,0.0106
bsa-disco,0.4,2400,0.0321,0.0149
bsa-disco,0.4,3000,0.0346,0.0185
bsa-disco,0.4,3600,0.0376,0.0219
bsa-disco,0.4,4200,0.0395,0.0216
bsa-disco,0.4,4800,0.0425,0.0294
bsa-disco,0.4,5400,0.0438,0.0295
bsa-disco,0.4,6000,0.0443,0.0297
bsa-disco,0.4,6600,0.0467,0.0310
bsa-disco,0.4,7200,0.0500,0.0325
bsa-disco,0.4,7800,0.0527,0.0366
bsa-disco,0.4,8400,0.0560,0.0380
bsa-disco,0.4,9000,0.0592,0.0419
bsa-disco,0.4,9600,0.0632,0.0436
bsa-disco,0.4,10200,0.0672,0.0487
bsa-disco,0.4,10800,0.0692,0.0502
bsa-disco,0.4,11400,0.0728,0.0548
bsa-disco,0.4,12000,0.0766,0.0591
bsa-disco,0.4,12600,0.0822,0.0646
bsa-disco,0.4,13200,0.0871,0.0698
bsa-disco,0.4,13800,0.0908,0.0720
bsa-disco,0.4,14400,0.0974,0.0772
bsa-disco,0.4,15000,0.1036,0.0865
bsa-disco,0.4,15600,0.1089,0.0905
bsa-disco,0.4,16200,0.1122,0.0955
bsa-disco,0.4,16800,0.1165,0.0999
bsa-disco,0.4,17400,0.1222,0.1065
bsa-disco,0.4,18000,0.1303,0.1135
bsa-disco,0.4,18600,0.1382,0.1196
bsa-disco,0.4,19200,0.1429,0.1276
bsa-disco,0.4,19800,0.1496,0.1315
bsa-disco,0.4,20400,0.1562,0.1348
bsa-disco,0.4,21000,0.1614,0.1415
bsa-disco,0.4,21600,0.1664,0.1459
bsa-disco,0.4,22200,0.1732,0.1505
bsa-disco,0.4,22800,0.1821,0.1619
bsa-disco,0.4,23400,0.1906,0.1661
bsa-disco,0.4,24000,0.2028,0.1750
bsa-disco,0.4,24600,0.2072,0.1765
bsa-disco,0.4,25200,0.2131,0.1769
bsa-disco,0.4,25800,0.2196,0.1814
bsa-disco,0.4,26400,0.2311,0.1866
bsa-disco,0.4,27000,0.2412,0.1924
bsa-disco,0.4,27600,0.2512,0.1941
bsa-disco,0.4,28200,0.2588,0.1975
bsa-disco,0.4,28800,0.2686,0.2024
bsa-disco,0.4,29400,0.2806,0.2019
bsa-disco,0.4,30000,0.2918,0.2026
bsa-disco,0.4,30600,0.3031,0.2110
bsa-disco,0.4,31200,0.3155,0.2151
bsa-disco,0.4,31800,0.3252,0.2222
bsa-disco,0.4,32400,0.3371,0.2238
bsa-disco,0.4,33000,0.3468,0.2292
bsa-disco,0.4,33600,0.3589,0.2293
bsa-disco,0.4,34200,0.3703,0.2307
bsa-disco,0.4,34800,0.3812,0.2319
bsa-disco,0.4,35400,0.3908,0.2333
bsa-disco,0.4,36000,0.4022,0.2328
bsa-disco,0.4,36600,0.4146,0.2343
bsa-disco,0.4,37200,0.4261,0.2330
bsa-disco,0.4,37800,0.4383,0.2350
bsa-disco,0.4,38400,0.4454,0.2342
bsa-disco,0.4,39000,0.4546,0.2335
bsa-disco,0.4,39600,0.4658,0.2331
bsa-disco,0.4,40200,0.4791,0.2384
bsa-disco,0.4,40800,0.4928,0.2390
bsa-disco,0.4,41400,0.5081,0.2395
bsa-disco,0.4,42000,0.5172,0.2391
bsa-disco,0.4,42600,0.5314,0.2368
bsa-disco,0.4,43200,0.5406,0.2391
bsa-disco,0.4,43800,0.5487,0.2410
bsa-disco,0.4,44400,0.5593,0.2400
bsa-disco,0.4,45000,0.5707,0.2418
bsa-disco,0.4,45600,0.5841,0.2451
bsa-disco,0.4,46200,0.5971,0.2416
bsa-disco,0.4,46800,0.6069,0.2370
bsa-disco,0.4,47400,0.6215,0.2367
bsa-disco,0.4,48000,0.6318,0.2307
bsa-disco,0.4,48600,0.6434,0.2273
bsa-disco,0.4,49200,0.6511,0.2236
bsa-disco,0.4,49800,0.6596,0.2261
bsa-disco,0.4,50400,0.6685,0.2269
bsa-disco,0.4,51000,0.6780,0.2242
bsa-disco,0.4,51600,0.6912,0.2195
bsa-disco,0.4,52200,0.7014,0.2163
bsa-disco,0.4,52800,0.7098,0.2170
bsa-disco,0.4,53400,0.7198,0.2138
bsa-disco,0.4,54000,0.7285,0.2125
bsa-disco,0.4,54600,0.7396,0.2076
bsa-disco,0.4,55200,0.7509,0.2036
bsa-disco,0.4,55800,0.7587,0.2008
bsa-disco,0.4,56400,0.7700,0.1994
bsa-disco,0.4,57000,0.7794,0.1984
bsa-disco,0.4,57600,0.7888,0.1927
bsa-disco,0.4,58200,0.7998,0.1884
bsa-disco,0.4,58800,0.8077,0.1849
bsa-disco,0.4,59400,0.8159,0.1803
bsa-disco,0.4,60000,0.8281,0.1729
bsa-disco,0.4,60600,0.8373,0.1707
bsa-disco,0.4,61200,0.8419,0.1664
bsa-disco,0.4,61800,0.8496,0.1624
bsa-disco,0.4,62400,0.8561,0.1547
bsa-disco,0.4,63000,0.8639,0.1540
bsa-disco,0.4,63600,0.8672,0.1505
bsa-disco,0.4,64200,0.8730,0.1459
bsa-disco,0.4,64800,0.8778,0.1439
bsa-disco,0.4,65400,0.8831,0.1420
bsa-disco,0.4,66000,0.8879,0.1382
bsa-disco,0.4,66600,0.8939,0.1333
bsa-disco,0.4,67200,0.8997,0.1249
bsa-disco,0.4,67800,0.9036,0.1224
bsa-disco,0.4,68400,0.9076,0.1205
bsa-disco,0.4,69000,0.9117,0.1161
bsa-disco,0.4,69600,0.9151,0.1142
bsa-disco,0.4,70200,0.9177,0.1110
bsa-disco,0.4,70800,0.9226,0.1101
bsa-disco,0.4,71400,0.9261,0.1059
bsa-disco,0.4,72000,0.9288,0.1027
bsa-disco,0.4,72600,0.9333,0.1005
bsa-disco,0.4,73200,0.9368,0.0938
bsa-disco,0.4,73800,0.9396,0.0908
bsa-disco,0.4,74400,0.9432,0.0882
bsa-disco,0.4,75000,0.9467,0.0790
bsa-disco,0.4,75600,0.9488,0.0758
bsa-disco,0.4,76200,0.9525,0.0729
bsa-disco,0.4,76800,0.9568,0.0651
bsa-disco,0.4,77400,0.9579,0.0646
bsa-disco,0.4,78000,0.9590,0.0646
bsa-disco,0.4,78600,0.9609,0.0628
bsa-disco,0.4,79200,0.9634,0.0606
bsa-disco,0.4,79800,0.9645,0.0574
bsa-disco,0.4,80400,0.9675,0.0541
bsa-disco,0.4,81000,0.9685,0.0525
bsa-disco,0.4,81600,0.9711,0.0512
bsa-disco,0.4,82200,0.9721,0.0483
bsa-disco,0.4,82800,0.9732,0.0462
bsa-disco,0.4,83400,0.9742,0.0460
bsa-disco,0.4,84000,0.9753,0.0450
bsa-disco,0.4,84600,0.9763,0.0444
bsa-disco,0.4,85200,0.9769,0.0436
bsa-disco,0.4,85800,0.9788,0.0432
bsa-disco,0.4,86400,0.9800,0.0423
bsa-disco,0.4,87000,0.9804,0.0424
bsa-disco,0.4,87600,0.9808,0.0425
bsa-disco,0.4,88200,0.9818,0.0422
bsa-disco,0.4,88800,0.9828,0.0396
bsa-disco,0.4,89400,0.9848,0.0371
bsa-disco,0.4,90000,0.9853,0.0344
bsa-disco,0.4,90600,0.9853,0.0344
bsa-disco,0.4,91200,0.9866,0.0326
bsa-disco,0.4,91800,0.9871,0.0323
bsa-disco,0.4,92400,0.9887,0.0308
bsa-disco,0.4,93000,0.9898,0.0307
bsa-disco,0.4,93600,0.9909,0.0268
bsa-disco,0.4,94200,0.9909,0.0268
bsa-disco,0.4,94800,0.9909,0.0268
bsa-disco,0.4,95400,0.9909,0.0268
bsa-disco,0.4,96000,0.9909,0.0268
bsa-disco,0.4,96600,0.9909,0.0268
bsa-disco,0.4,97200,0.9921,0.0235
bsa-disco,0.4,97800,0.9921,0.0235
bsa-disco,0.4,98400,0.9921,0.0235
bsa-disco,0.4,99000,0.9931,0.0178
bsa-disco,0.4,99600,0.9941,0.0174
bsa-disco,0.4,100200,0.9946,0.0148
bsa-disco,0.4,100800,0.9952,0.0135
bsa-disco,0.4,101400,0.9952,0.0135
bsa-disco,0.4,102000,0.9952,0.0135
bsa-disco,0.4,102600,0.9952,0.0135
bsa-disco,0.4,103200,0.9957,0.0111
bsa-disco,0.4,103800,0.9962,0.0107
bsa-disco,0.4,104400,0.9967,0.0103
bsa-disco,0.4,105000,0.9967,0.0103
bsa-disco,0.4,105600,0.9967,0.0103
bsa-disco,0.4,106200,0.9967,0.0103
bsa-disco,0.4,106800,0.9967,0.0103
bsa-disco,0.4,107400,0.9967,0.0103
bsa-disco,0.4,108000,0.9972,0.0085
bsa-disco,0.4,108600,0.9972,0.0085
bsa-disco,0.4,109200,0.9972,0.0085
bsa-disco,0.4,109800,0.9972,0.0085
bsa-disco,0.4,110400,0.9978,0.0076
bsa-disco,0.4,111000,0.9978,0.0076
bsa-disco,0.4,111600,0.9978,0.0076
bsa-disco,0.4,112200,0.9983,0.0069
bsa-disco,0.4,112800,0.9983,0.0069
bsa-disco,0.4,113400,0.9983,0.0069
bsa-disco,0.4,114000,0.9983,0.0069
bsa-disco,0.4,114600,0.9983,0.0069
bsa-disco,0.4,115200,0.9983,0.0069
bsa-disco,0.4,115800,0.9988,0.0060
bsa-disco,0.4,116400,0.9988,0.0060
bsa-disco,0.4,117000,0.9988,0.0060
bsa-disco,0.4,117600,0.9988,0.0060
bsa-disco,0.4,118200,0.9988,0.0060
bsa-disco,0.4,118800,0.9988,0.0060
bsa-disco,0.4,119400,0.9988,0.0060
bsa-disco,0.4,120000,0.9988,0.0060
bsa-disco,0.4,120600,0.9988,0.0060
bsa-disco,0.4,121200,0.9988,0.0060
bsa-disco,0.4,121800,0.9988,0.0060
bsa-disco,0.4,122400,0.9988,0.0060
bsa-disco,0.4,123000,0.9988,0.0060
bsa-disco,0.4,123600,0.9988,0.0060
bsa-disco,0.4,124200,0.9988,0.0060
bsa-disco,0.4,124800,0.9994,0.0042
bsa-disco,0.4,125400,0.9994,0.0042
bsa-disco,0.4,126000,0.9994,0.0042
bsa-disco,0.4,126600,0.9994,0.0042
bsa-disco,0.4,127200,0.9994,0.0042
bsa-disco,0.4,127800,0.9994,0.0042
bsa-disco,0.4,128400,0.9994,0.0042
bsa-disco,0.4,129000,0.9994,0.0042
bsa-disco,0.4,129600,0.9994,0.0042
bsa-disco,0.4,130200,0.9994,0.0042
bsa-disco,0.4,130800,0.9994,0.0042
bsa-disco,0.4,131400,0.9994,0.0042
bsa-disco,0.4,132000,0.9994,0.0042
bsa-disco,0.4,132600,0.9994,0.0042
bsa-disco,0.4,133200,0.9994,0.0042
bsa-disco,0.4,133800,0.9994,0.0042
bsa-disco,0.4,134400,0.9994,0.0042
bsa-disco,0.4,135000,0.9994,0.0042
bsa-disco,0.4,135600,0.9994,0.0042
bsa-disco,0.4,136200,0.9994,0.0042
bsa-disco,0.4,136800,0.9994,0.0042
bsa-disco,0.4,137400,1.0000,0.0000
bsa-disco,0.6,0,0.0167,0.0015
bsa-disco,0.6,600,0.0181,0.0053
bsa-disco,0.6,1200,0.0190,0.0060
bsa-disco,0.6,1800,0.0205,0.0085
bsa-disco,0.6,2400,0.0230,0.0120
bsa-disco,0.6,3000,0.0255,0.0162
bsa-disco,0.6,3600,0.0272,0.0173
bsa-disco,0.6,4200,0.0289,0.0180
bsa-disco,0.6,4800,0.0310,0.0217
bsa-disco,0.6,5400,0.0339,0.0232
bsa-disco,0.6,6000,0.0364,0.0266
bsa-disco,0.6,6600,0.0384,0.0268
bsa-disco,0.6,7200,0.0427,0.0294
bsa-disco,0.6,7800,0.0463,0.0352
bsa-disco,0.6,8400,0.0513,0.0401
bsa-disco,0.6,9000,0.0550,0.0419
bsa-disco,0.6,9600,0.0582,0.0418
bsa-disco,0.6,10200,0.0629,0.0455
bsa-disco,0.6,10800,0.0704,0.0538
bsa-disco,0.6,11400,0.0739,0.0564
bsa-disco,0.6,12000,0.0797,0.0615
bsa-disco,0.6,12600,0.0848,0.0655
bsa-disco,0.6,13200,0.0890,0.0703
bsa-disco,0.6,13800,0.0950,0.0741
bsa-disco,0.6,14400,0.1028,0.0772
bsa-disco,0.6,15000,0.1111,0.0816
bsa-disco,0.6,15600,0.1206,0.0876
bsa-disco,0.6,16200,0.1259,0.0931
bsa-disco,0.6,16800,0.1323,0.1006
bsa-disco,0.6,17400,0.1450,0.1072
bsa-disco,0.6,18000,0.1571,0.1135
bsa-disco,0.6,18600,0.1694,0.1234
bsa-disco,0.6,19200,0.1819,0.1294
bsa-disco,0.6,19800,0.1938,0.1334
bsa-disco,0.6,20400,0.2078,0.1429
bsa-disco,0.6,21000,0.2162,0.1447
bsa-disco,0.6,21600,0.2321,0.1495
bsa-disco,0.6,22200,0.2425,0.1539
bsa-disco,0.6,22800,0.2568,0.1631
bsa-disco,0.6,23400,0.2707,0.1695
bsa-disco,0.6,24000,0.2825,0.1729
bsa-disco,0.6,24600,0.2990,0.1787
bsa-disco,0.6,25200,0.3163,0.1847
bsa-disco,0.6,25800,0.3304,0.1899
bsa-disco,0.6,26400,0.3421,0.1947
bsa-disco,0.6,27000,0.3609,0.1978
bsa-disco,0.6,27600,0.3740,0.2009
bsa-disco,0.6,28200,0.3939,0.2028
bsa-disco,0.6,28800,0.4107,0.2093
bsa-disco,0.6,29400,0.4295,0.2145
bsa-disco,0.6,30000,0.4434,0.2142
bsa-disco,0.6,30600,0.4632,0.2186
bsa-disco,0.6,31200,0.4814,0.2211
bsa-disco,0.6,31800,0.4968,0.2224
bsa-disco,0.6,32400,0.5138,0.2188
bsa-disco,0.6,33000,0.5303,0.2196
bsa-disco,0.6,33600,0.5465,0.2202
bsa-disco,0.6,34200,0.5620,0.2193
bsa-disco,0.6,34800,0.5714,0.2198
bsa-disco,0.6,35400,0.5939,0.2200
bsa-disco,0.6,36000,0.6080,0.2180
bsa-disco,0.6,36600,0.6217,0.2163
bsa-disco,0.6,37200,0.6357,0.2149
bsa-disco,0.6,37800,0.6527,0.2149
bsa-disco,0.6,38400,0.6671,0.2136
bsa-disco,0.6,39000,0.6837,0.2097
bsa-disco,0.6,39600,0.6989,0.2027
bsa-disco,0.6,40200,0.7082,0.1977
bsa-disco,0.6,40800,0.7218,0.1935
bsa-disco,0.6,41400,0.7360,0.1845
bsa-disco,0.6,42000,0.7481,0.1764
bsa-disco,0.6,42600,0.7620,0.1701
bsa-disco,0.6,43200,0.7746,0.1677
bsa-disco,0.6,43800,0.7849,0.1645
bsa-disco,0.6,44400,0.7982,0.1585
bsa-disco,0.6,45000,0.8117,0.1512
bsa-disco,0.6,45600,0.8240,0.1442
bsa-disco,0.6,46200,0.8363,0.1401
bsa-disco,0.6,46800,0.8465,0.1355
bsa-disco,0.6,47400,0.8563,0.1302
bsa-disco,0.6,48000,0.8657,0.1220
bsa-disco,0.6,48600,0.8763,0.1142
bsa-disco,0.6,49200,0.8854,0.1049
bsa-disco,0.6,49800,0.8911,0.0999
bsa-disco,0.6,50400,0.9003,0.0967
bsa-disco,0.6,51000,0.9048,0.0935
bsa-disco,0.6,51600,0.9099,0.0906
bsa-disco,0.6,52200,0.9175,0.0843
bsa-disco,0.6,52800,0.9222,0.0792
bsa-disco,0.6,53400,0.9293,0.0758
bsa-disco,0.6,54000,0.9344,0.0713
bsa-disco,0.6,54600,0.9384,0.0664
bsa-disco,0.6,55200,0.9425,0.0622
bsa-disco,0.6,55800,0.9474,0.0601
bsa-disco,0.6,56400,0.9515,0.0576
bsa-disco,0.6,57000,0.9545,0.0548
bsa-disco,0.6,57600,0.9593,0.0507
bsa-disco,0.6,58200,0.9620,0.0473
bsa-disco,0.6,58800,0.9665,0.0436
bsa-disco,0.6,59400,0.9702,0.0405
bsa-disco,0.6,60000,0.9729,0.0399
bsa-disco,0.6,60600,0.9746,0.0390
bsa-disco,0.6,61200,0.9763,0.0374
bsa-disco,0.6,61800,0.9790,0.0339
bsa-disco,0.6,62400,0.9808,0.0323
bsa-disco,0.6,63000,0.9830,0.0312
bsa-disco,0.6,63600,0.9844,0.0296
bsa-disco,0.6,64200,0.9861,0.0254
bsa-disco,0.6,64800,0.9875,0.0242
bsa-disco,0.6,65400,0.9895,0.0236
bsa-disco,0.6,66000,0.9898,0.0234
bsa-disco,0.6,66600,0.9902,0.0227
bsa-disco,0.6,67200,0.9909,0.0227
bsa-disco,0.6,67800,0.9919,0.0207
bsa-disco,0.6,68400,0.9930,0.0179
bsa-disco,0.6,69000,0.9936,0.0179
bsa-disco,0.6,69600,0.9936,0.0179
bsa-disco,0.6,70200,0.9940,0.0178
bsa-disco,0.6,70800,0.9952,0.0154
bsa-disco,0.6,71400,0.9963,0.0131
bsa-disco,0.6,72000,0.9970,0.0110
bsa-disco,0.6,72600,0.9970,0.0110
bsa-disco,0.6,73200,0.9970,0.0110
bsa-disco,0.6,73800,0.9977,0.0088
bsa-disco,0.6,74400,0.9980,0.0072
bsa-disco,0.6,75000,0.9980,0.0072
bsa-disco,0.6,75600,0.9984,0.0060
bsa-disco,0.6,76200,0.9984,0.0060
bsa-disco,0.6,76800,0.9984,0.0060
bsa-disco,0.6,77400,0.9984,0.0060
bsa-disco,0.6,78000,0.9987,0.0044
bsa-disco,0.6,78600,0.9987,0.0044
bsa-disco,0.6,79200,0.9987,0.0044
bsa-disco,0.6,79800,0.9987,0.0044
bsa-disco,0.6,80400,0.9987,0.0044
bsa-disco,0.6,81000,0.9990,0.0040
bsa-disco,0.6,81600,0.9993,0.0033
bsa-disco,0.6,82200,0.9993,0.0033
bsa-disco,0.6,82800,0.9993,0.0033
bsa-disco,0.6,83400,0.9993,0.0033
bsa-disco,0.6,84000,0.9997,0.0024
bsa-disco,0.6,84600,1.0000,0.0000
bsa-disco,0.8,0,0.0126,0.0008
bsa-disco,0.8,600,0.0141,0.0041
bsa-disco,0.8,1200,0.0151,0.0050
bsa-disco,0.8,1800,0.0171,0.0069
bsa-disco,0.8,2400,0.0183,0.0093
bsa-disco,0.8,3000,0.0203,0.0123
bsa-disco,0.8,3600,0.0218,0.0130
bsa-disco,0.8,4200,0.0240,0.0154
bsa-disco,0.8,4800,0.0260,0.0175
bsa-disco,0.8,5400,0.0289,0.0185
bsa-disco,0.8,6000,0.0326,0.0208
bsa-disco,0.8,6600,0.0361,0.0236
bsa-disco,0.8,7200,0.0399,0.0251
bsa-disco,0.8,7800,0.0443,0.0292
bsa-disco,0.8,8400,0.0476,0.0322
bsa-disco,0.8,9000,0.0532,0.0360
bsa-disco,0.8,9600,0.0585,0.0387
bsa-disco,0.8,10200,0.0624,0.0399
bsa-disco,0.8,10800,0.0685,0.0453
bsa-disco,0.8,11400,0.0742,0.0496
bsa-disco,0.8,12000,0.0826,0.0596
bsa-disco,0.8,12600,0.0912,0.0667
bsa-disco,0.8,13200,0.0997,0.0710
bsa-disco,0.8,13800,0.1089,0.0778
bsa-disco,0.8,14400,0.1193,0.0836
bsa-disco,0.8,15000,0.1306,0.0918
bsa-disco,0.8,15600,0.1416,0.0964
bsa-disco,0.8,16200,0.1512,0.1020
bsa-disco,0.8,16800,0.1666,0.1105
bsa-disco,0.8,17400,0.1810,0.1176
bsa-disco,0.8,18000,0.1986,0.1267
bsa-disco,0.8,18600,0.2153,0.1321
bsa-disco,0.8,19200,0.2302,0.1405
bsa-disco,0.8,19800,0.2468,0.1479
bsa-disco,0.8,20400,0.2648,0.1537
bsa-disco,0.8,21000,0.2851,0.1626
bsa-disco,0.8,21600,0.3053,0.1732
bsa-disco,0.8,22200,0.3260,0.1846
bsa-disco,0.8,22800,0.3484,0.1943
bsa-disco,0.8,23400,0.3660,0.2020
bsa-disco,0.8,24000,0.3898,0.2102
bsa-disco,0.8,24600,0.4087,0.2118
bsa-disco,0.8,25200,0.4318,0.2131
bsa-disco,0.8,25800,0.4547,0.2212
bsa-disco,0.8,26400,0.4771,0.2269
bsa-disco,0.8,27000,0.4977,0.2331
bsa-disco,0.8,27600,0.5201,0.2328
bsa-disco,0.8,28200,0.5443,0.2368
bsa-disco,0.8,28800,0.5643,0.2390
bsa-disco,0.8,29400,0.5832,0.2388
bsa-disco,0.8,30000,0.6032,0.2387
bsa-disco,0.8,30600,0.6241,0.2349
bsa-disco,0.8,31200,0.6451,0.2343
bsa-disco,0.8,31800,0.6657,0.2315
bsa-disco,0.8,32400,0.6861,0.2302
bsa-disco,0.8,33000,0.7056,0.2288
bsa-disco,0.8,33600,0.7226,0.2244
bsa-disco,0.8,34200,0.7370,0.2217
bsa-disco,0.8,34800,0.7542,0.2151
bsa-disco,0.8,35400,0.7674,0.2110
bsa-disco,0.8,36000,0.7819,0.2048
bsa-disco,0.8,36600,0.7947,0.1971
bsa-disco,0.8,37200,0.8093,0.1890
bsa-disco,0.8,37800,0.8229,0.1815
bsa-disco,0.8,38400,0.8364,0.1725
bsa-disco,0.8,39000,0.8458,0.1691
bsa-disco,0.8,39600,0.8567,0.1592
bsa-disco,0.8,40200,0.8653,0.1510
bsa-disco,0.8,40800,0.8780,0.1424
bsa-disco,0.8,41400,0.8883,0.1356
bsa-disco,0.8,42000,0.8979,0.1292
bsa-disco,0.8,42600,0.9056,0.1231
bsa-disco,0.8,43200,0.9127,0.1182
bsa-disco,0.8,43800,0.9185,0.1145
bsa-disco,0.8,44400,0.9266,0.1057
bsa-disco,0.8,45000,0.9341,0.0969
bsa-disco,0.8,45600,0.9423,0.0894
bsa-disco,0.8,46200,0.9484,0.0837
bsa-disco,0.8,46800,0.9532,0.0793
bsa-disco,0.8,47400,0.9572,0.0747
bsa-disco,0.8,48000,0.9603,0.0678
bsa-disco,0.8,48600,0.9646,0.0610
bsa-disco,0.8,49200,0.9680,0.0573
bsa-disco,0.8,49800,0.9713,0.0536
bsa-disco,0.8,50400,0.9737,0.0484
bsa-disco,0.8,51000,0.9763,0.0446
bsa-disco,0.8,51600,0.9788,0.0391
bsa-disco,0.8,52200,0.9812,0.0362
bsa-disco,0.8,52800,0.9834,0.0340
bsa-disco,0.8,53400,0.9849,0.0322
bsa-disco,0.8,54000,0.9872,0.0297
bsa-disco,0.8,54600,0.9885,0.0256
bsa-disco,0.8,55200,0.9893,0.0232
bsa-disco,0.8,55800,0.9908,0.0211
bsa-disco,0.8,56400,0.9913,0.0210
bsa-disco,0.8,57000,0.9924,0.0202
bsa-disco,0.8,57600,0.9937,0.0184
bsa-disco,0.8,58200,0.9939,0.0184
bsa-disco,0.8,58800,0.9947,0.0182
bsa-disco,0.8,59400,0.9955,0.0167
bsa-disco,0.8,60000,0.9962,0.0139
bsa-disco,0.8,60600,0.9965,0.0138
bsa-disco,0.8,61200,0.9973,0.0127
bsa-disco,0.8,61800,0.9975,0.0126
bsa-disco,0.8,62400,0.9975,0.0126
bsa-disco,0.8,63000,0.9980,0.0106
bsa-disco,0.8,63600,0.9982,0.0089
bsa-disco,0.8,64200,0.9982,0.0089
bsa-disco,0.8,64800,0.9987,0.0057
bsa-disco,0.8,65400,0.9987,0.0057
bsa-disco,0.8,66000,0.9987,0.0057
bsa-disco,0.8,66600,0.9987,0.0057
bsa-disco,0.8,67200,0.9990,0.0042
bsa-disco,0.8,67800,0.9992,0.0039
bsa-disco,0.8,68400,0.9992,0.0039
bsa-disco,0.8,69000,0.9992,0.0039
bsa-disco,0.8,69600,0.9992,0.0039
bsa-disco,0.8,70200,0.9992,0.0039
bsa-disco,0.8,70800,0.9992,0.0039
bsa-disco,0.8,71400,0.9992,0.0039
bsa-disco,0.8,72000,0.9995,0.0026
bsa-disco,0.8,72600,0.9995,0.0026
bsa-disco,0.8,73200,0.9995,0.0026
bsa-disco,0.8,73800,0.9995,0.0026
bsa-disco,0.8,74400,0.9995,0.0026
bsa-disco,0.8,75000,0.9995,0.0026
bsa-disco,0.8,75600,0.9995,0.0026
bsa-disco,0.8,76200,0.9995,0.0026
bsa-disco,0.8,76800,0.9995,0.0026
bsa-disco,0.8,77400,0.9995,0.0026
bsa-disco,0.8,78000,0.9995,0.0026
bsa-disco,0.8,78600,0.9995,0.0026
bsa-disco,0.8,79200,0.9995,0.0026
bsa-disco,0.8,79800,0.9995,0.0026
bsa-disco,0.8,80400,0.9997,0.0019
bsa-disco,0.8,81000,1.0000,0.0000
bsa-disco,1.0,0,0.0100,0.0000
bsa-disco,1.0,600,0.0116,0.0042
bsa-disco,1.0,1200,0.0132,0.0051
bsa-disco,1.0,1800,0.0148,0.0064
bsa-disco,1.0,2400,0.0170,0.0085
bsa-disco,1.0,3000,0.0194,0.0114
bsa-disco,1.0,3600,0.0210,0.0127
bsa-disco,1.0,4200,0.0234,0.0144
bsa-disco,1.0,4800,0.0258,0.0164
bsa-disco,1.0,5400,0.0292,0.0175
bsa-disco,1.0,6000,0.0332,0.0208
bsa-disco,1.0,6600,0.0396,0.0257
bsa-disco,1.0,7200,0.0444,0.0276
bsa-disco,1.0,7800,0.0498,0.0318
bsa-disco,1.0,8400,0.0558,0.0372
bsa-disco,1.0,9000,0.0634,0.0433
bsa-disco,1.0,9600,0.0720,0.0502
bsa-disco,1.0,10200,0.0826,0.0545
bsa-disco,1.0,10800,0.0930,0.0612
bsa-disco,1.0,11400,0.1046,0.0694
bsa-disco,1.0,12000,0.1190,0.0788
bsa-disco,1.0,12600,0.1332,0.0865
bsa-disco,1.0,13200,0.1494,0.0961
bsa-disco,1.0,13800,0.1682,0.1091
bsa-disco,1.0,14400,0.1850,0.1192
bsa-disco,1.0,15000,0.2042,0.1278
bsa-disco,1.0,15600,0.2248,0.1408
bsa-disco,1.0,16200,0.2446,0.1478
bsa-disco,1.0,16800,0.2690,0.1563
bsa-disco,1.0,17400,0.2926,0.1655
bsa-disco,1.0,18000,0.3186,0.1754
bsa-disco,1.0,18600,0.3412,0.1772
bsa-disco,1.0,19200,0.3636,0.1791
bsa-disco,1.0,19800,0.3916,0.1884
bsa-disco,1.0,20400,0.4156,0.1959
bsa-disco,1.0,21000,0.4430,0.2038
bsa-disco,1.0,21600,0.4742,0.2116
bsa-disco,1.0,22200,0.5016,0.2115
bsa-disco,1.0,22800,0.5294,0.2103
bsa-disco,1.0,23400,0.5598,0.2103
bsa-disco,1.0,24000,0.5866,0.2097
bsa-disco,1.0,24600,0.6150,0.2011
bsa-disco,1.0,25200,0.6400,0.1978
bsa-disco,1.0,25800,0.6656,0.1919
bsa-disco,1.0,26400,0.6914,0.1849
bsa-disco,1.0,27000,0.7176,0.1787
bsa-disco,1.0,27600,0.7462,0.1712
bsa-disco,1.0,28200,0.7648,0.1653
bsa-disco,1.0,28800,0.7856,0.1602
bsa-disco,1.0,29400,0.8054,0.1542
bsa-disco,1.0,30000,0.8232,0.1422
bsa-disco,1.0,30600,0.8394,0.1329
bsa-disco,1.0,31200,0.8572,0.1235
bsa-disco,1.0,31800,0.8738,0.1162
bsa-disco,1.0,32400,0.8882,0.1083
bsa-disco,1.0,33000,0.9022,0.1031
bsa-disco,1.0,33600,0.9138,0.0943
bsa-disco,1.0,34200,0.9210,0.0908
bsa-disco,1.0,34800,0.9322,0.0798
bsa-disco,1.0,35400,0.9396,0.0777
bsa-disco,1.0,36000,0.9442,0.0734
bsa-disco,1.0,36600,0.9500,0.0678
bsa-disco,1.0,37200,0.9560,0.0609
bsa-disco,1.0,37800,0.9622,0.0533
bsa-disco,1.0,38400,0.9666,0.0511
bsa-disco,1.0,39000,0.9720,0.0435
bsa-disco,1.0,39600,0.9764,0.0368
bsa-disco,1.0,40200,0.9816,0.0289
bsa-disco,1.0,40800,0.9856,0.0244
bsa-disco,1.0,41400,0.9882,0.0216
bsa-disco,1.0,42000,0.9898,0.0191
bsa-disco,1.0,42600,0.9908,0.0189
bsa-disco,1.0,43200,0.9922,0.0150
bsa-disco,1.0,43800,0.9932,0.0133
bsa-disco,1.0,44400,0.9936,0.0125
bsa-disco,1.0,45000,0.9948,0.0114
bsa-disco,1.0,45600,0.9962,0.0089
bsa-disco,1.0,46200,0.9972,0.0063
bsa-disco,1.0,46800,0.9978,0.0054
bsa-disco,1.0,47400,0.9982,0.0052
bsa-disco,1.0,48000,0.9986,0.0040
bsa-disco,1.0,48600,0.9988,0.0038
bsa-disco,1.0,49200,0.9990,0.0036
bsa-disco,1.0,49800,0.9990,0.0036
bsa-disco,1.0,50400,0.9992,0.0027
bsa-disco,1.0,51000,0.9994,0.0024
bsa-disco,1.0,51600,0.9994,0.0024
bsa-disco,1.0,52200,0.9994,0.0024
bsa-disco,1.0,52800,0.9994,0.0024
bsa-disco,1.0,53400,0.9994,0.0024
bsa-disco,1.0,54000,0.9994,0.0024
bsa-disco,1.0,54600,0.9994,0.0024
bsa-disco,1.0,55200,0.9994,0.0024
bsa-disco,1.0,55800,0.9994,0.0024
bsa-disco,1.0,56400,0.9994,0.0024
bsa-disco,1.0,57000,0.9996,0.0020
bsa-disco,1.0,57600,0.9998,0.0014
bsa-disco,1.0,58200,0.9998,0.0014
bsa-disco,1.0,58800,0.9998,0.0014
bsa-disco,1.0,59400,0.9998,0.0014
bsa-disco,1.0,60000,0.9998,0.0014
bsa-disco,1.0,60600,0.9998,0.0014
bsa-disco,1.0,61200,0.9998,0.0014
bsa-disco,1.0,61800,0.9998,0.0014
bsa-disco,1.0,62400,0.9998,0.0014
bsa-disco,1.0,63000,0.9998,0.0014
bsa-disco,1.0,63600,0.9998,0.0014
bsa-disco,1.0,64200,1.0000,0.0000
bsa-with-id,0.2,0,0.0502,0.0121
bsa-with-id,0.2,600,0.0506,0.0127
bsa-with-id,0.2,1200,0.0540,0.0186
bsa-with-id,0.2,1800,0.0561,0.0195
bsa-with-id,0.2,2400,0.0576,0.0212
bsa-with-id,0.2,3000,0.0606,0.0233
bsa-with-id,0.2,3600,0.0659,0.0298
bsa-with-id,0.2,4200,0.0674,0.0312
bsa-with-id,0.2,4800,0.0722,0.0413
bsa-with-id,0.2,5400,0.0751,0.0427
bsa-with-id,0.2,6000,0.0788,0.0457
bsa-with-id,0.2,6600,0.0825,0.0473
bsa-with-id,0.2,7200,0.0883,0.0559
bsa-with-id,0.2,7800,0.0929,0.0587
bsa-with-id,0.2,8400,0.0944,0.0595
bsa-with-id,0.2,9000,0.1003,0.0617
bsa-with-id,0.2,9600,0.1049,0.0659
bsa-with-id,0.2,10200,0.1108,0.0734
bsa-with-id,0.2,10800,0.1154,0.0733
bsa-with-id,0.2,11400,0.1185,0.0774
bsa-with-id,0.2,12000,0.1225,0.0831
bsa-with-id,0.2,12600,0.1277,0.0871
bsa-with-id,0.2,13200,0.1318,0.0878
bsa-with-id,0.2,13800,0.1365,0.0904
bsa-with-id,0.2,14400,0.1399,0.0935
bsa-with-id,0.2,15000,0.1473,0.0987
bsa-with-id,0.2,15600,0.1550,0.1052
bsa-with-id,0.2,16200,0.1607,0.1109
bsa-with-id,0.2,16800,0.1684,0.1156
bsa-with-id,0.2,17400,0.1732,0.1180
bsa-with-id,0.2,18000,0.1810,0.1254
bsa-with-id,0.2,18600,0.1887,0.1316
bsa-with-id,0.2,19200,0.1952,0.1358
bsa-with-id,0.2,19800,0.2071,0.1426
bsa-with-id,0.2,20400,0.2166,0.1516
bsa-with-id,0.2,21000,0.2232,0.1575
bsa-with-id,0.2,21600,0.2277,0.1633
bsa-with-id,0.2,22200,0.2345,0.1671
bsa-with-id,0.2,22800,0.2441,0.1749
bsa-with-id,0.2,23400,0.2503,0.1776
bsa-with-id,0.2,24000,0.2601,0.1821
bsa-with-id,0.2,24600,0.2657,0.1831
bsa-with-id,0.2,25200,0.2760,0.1913
bsa-with-id,0.2,25800,0.2857,0.1948
bsa-with-id,0.2,26400,0.2996,0.2000
bsa-with-id,0.2,27000,0.3080,0.2041
bsa-with-id,0.2,27600,0.3173,0.2085
bsa-with-id,0.2,28200,0.3261,0.2106
bsa-with-id,0.2,28800,0.3374,0.2134
bsa-with-id,0.2,29400,0.3481,0.2140
bsa-with-id,0.2,30000,0.3573,0.2170
bsa-with-id,0.2,30600,0.3662,0.2201
bsa-with-id,0.2,31200,0.3765,0.2196
bsa-with-id,0.2,31800,0.3835,0.2227
bsa-with-id,0.2,32400,0.3926,0.2253
bsa-with-id,0.2,33000,0.4024,0.2267
bsa-with-id,0.2,33600,0.4125,0.2283
bsa-with-id,0.2,34200,0.4224,0.2302
bsa-with-id,0.2,34800,0.4352,0.2336
bsa-with-id,0.2,35400,0.4452,0.2364
bsa-with-id,0.2,36000,0.4521,0.2413
bsa-with-id,0.2,36600,0.4580,0.2420
bsa-with-id,0.2,37200,0.4678,0.2446
bsa-with-id,0.2,37800,0.4779,0.2453
bsa-with-id,0.2,38400,0.4903,0.2479
bsa-with-id,0.2,39000,0.5033,0.2496
bsa-with-id,0.2,39600,0.5142,0.2512
bsa-with-id,0.2,40200,0.5230,0.2553
bsa-with-id,0.2,40800,0.5334,0.2561
bsa-with-id,0.2,41400,0.5451,0.2551
bsa-with-id,0.2,42000,0.5554,0.2606
bsa-with-id,0.2,42600,0.5679,0.2625
bsa-with-id,0.2,43200,0.5783,0.2603
bsa-with-id,0.2,43800,0.5893,0.2611
bsa-with-id,0.2,44400,0.6002,0.2621
bsa-with-id,0.2,45000,0.6082,0.2643
bsa-with-id,0.2,45600,0.6182,0.2658
bsa-with-id,0.2,46200,0.6235,0.2646
bsa-with-id,0.2,46800,0.6315,0.2635
bsa-with-id,0.2,47400,0.6417,0.2623
bsa-with-id,0.2,48000,0.6513,0.2629
bsa-with-id,0.2,48600,0.6552,0.2629
bsa-with-id,0.2,49200,0.6605,0.2626
bsa-with-id,0.2,49800,0.6684,0.2603
bsa-with-id,0.2,50400,0.6772,0.2602
bsa-with-id,0.2,51000,0.6849,0.2587
bsa-with-id,0.2,51600,0.6950,0.2577
bsa-with-id,0.2,52200,0.7015,0.2573
bsa-with-id,0.2,52800,0.7098,0.2575
bsa-with-id,0.2,53400,0.7157,0.2577
bsa-with-id,0.2,54000,0.7255,0.2562
bsa-with-id,0.2,54600,0.7347,0.2558
bsa-with-id,0.2,55200,0.7437,0.2550
bsa-with-id,0.2,55800,0.7513,0.2536
bsa-with-id,0.2,56400,0.7586,0.2538
bsa-with-id,0.2,57000,0.7655,0.2555
bsa-with-id,0.2,57600,0.7668,0.2554
bsa-with-id,0.2,58200,0.7710,0.2554
bsa-with-id,0.2,58800,0.7785,0.2564
bsa-with-id,0.2,59400,0.7843,0.2554
bsa-with-id,0.2,60000,0.7892,0.2540
bsa-with-id,0.2,60600,0.7932,0.2528
bsa-with-id,0.2,61200,0.8010,0.2496
bsa-with-id,0.2,61800,0.8057,0.2489
bsa-with-id,0.2,62400,0.8118,0.2496
bsa-with-id,0.2,63000,0.8175,0.2467
bsa-with-id,0.2,63600,0.8204,0.2451
bsa-with-id,0.2,64200,0.8241,0.2453
bsa-with-id,0.2,64800,0.8280,0.2434
bsa-with-id,0.2,65400,0.8337,0.2417
bsa-with-id,0.2,66000,0.8374,0.2406
bsa-with-id,0.2,66600,0.8421,0.2418
bsa-with-id,0.2,67200,0.8507,0.2356
bsa-with-id,0.2,67800,0.8522,0.2339
bsa-with-id,0.2,68400,0.8550,0.2340
bsa-with-id,0.2,69000,0.8609,0.2302
bsa-with-id,0.2,69600,0.8650,0.2298
bsa-with-id,0.2,70200,0.8667,0.2302
bsa-with-id,0.4,0,0.0248,0.0033
bsa-with-id,0.4,600,0.0272,0.0093
bsa-with-id,0.4,1200,0.0300,0.0129
bsa-with-id,0.4,1800,0.0338,0.0174
bsa-with-id,0.4,2400,0.0353,0.0176
bsa-with-id,0.4,3000,0.0414,0.0236
bsa-with-id,0.4,3600,0.0477,0.0301
bsa-with-id,0.4,4200,0.0550,0.0354
bsa-with-id,0.4,4800,0.0572,0.0375
bsa-with-id,0.4,5400,0.0634,0.0448
bsa-with-id,0.4,6000,0.0682,0.0449
bsa-with-id,0.4,6600,0.0759,0.0499
bsa-with-id,0.4,7200,0.0848,0.0618
bsa-with-id,0.4,7800,0.0925,0.0667
bsa-with-id,0.4,8400,0.0984,0.0722
bsa-with-id,0.4,9000,0.1098,0.0797
bsa-with-id,0.4,9600,0.1181,0.0874
bsa-with-id,0.4,10200,0.1294,0.1025
bsa-with-id,0.4,10800,0.1415,0.1084
bsa-with-id,0.4,11400,0.1501,0.1113
bsa-with-id,0.4,12000,0.1654,0.1176
bsa-with-id,0.4,12600,0.1780,0.1250
bsa-with-id,0.4,13200,0.1909,0.1362
bsa-with-id,0.4,13800,0.2047,0.1428
bsa-with-id,0.4,14400,0.2196,0.1542
bsa-with-id,0.4,15000,0.2307,0.1617
bsa-with-id,0.4,15600,0.2454,0.1729
bsa-with-id,0.4,16200,0.2665,0.1849
bsa-with-id,0.4,16800,0.2841,0.1918
bsa-with-id,0.4,17400,0.3050,0.2036
bsa-with-id,0.4,18000,0.3259,0.2156
bsa-with-id,0.4,18600,0.3359,0.2231
bsa-with-id,0.4,19200,0.3550,0.2332
bsa-with-id,0.4,19800,0.3726,0.2374
bsa-with-id,0.4,20400,0.3874,0.2469
bsa-with-id,0.4,21000,0.4043,0.2533
bsa-with-id,0.4,21600,0.4250,0.2632
bsa-with-id,0.4,22200,0.4447,0.2657
bsa-with-id,0.4,22800,0.4629,0.2713
bsa-with-id,0.4,23400,0.4795,0.2747
bsa-with-id,0.4,24000,0.4925,0.2727
bsa-with-id,0.4,24600,0.5126,0.2793
bsa-with-id,0.4,25200,0.5315,0.2807
bsa-with-id,0.4,25800,0.5431,0.2776
bsa-with-id,0.4,26400,0.5616,0.2813
bsa-with-id,0.4,27000,0.5762,0.2828
bsa-with-id,0.4,27600,0.5921,0.2855
bsa-with-id,0.4,28200,0.6044,0.2863
bsa-with-id,0.4,28800,0.6199,0.2866
bsa-with-id,0.4,29400,0.6350,0.2821
bsa-with-id,0.4,30000,0.6498,0.2829
bsa-with-id,0.4,30600,0.6686,0.2824
bsa-with-id,0.4,31200,0.6831,0.2812
bsa-with-id,0.4,31800,0.6937,0.2811
bsa-with-id,0.4,32400,0.7091,0.2769
bsa-with-id,0.4,33000,0.7235,0.2714
bsa-with-id,0.4,33600,0.7352,0.2714
bsa-with-id,0.4,34200,0.7433,0.2682
bsa-with-id,0.4,34800,0.7545,0.2661
bsa-with-id,0.4,35400,0.7640,0.2629
bsa-with-id,0.4,36000,0.7763,0.2635
bsa-with-id,0.4,36600,0.7879,0.2580
bsa-with-id,0.4,37200,0.7937,0.2564
bsa-with-id,0.4,37800,0.8039,0.2536
bsa-with-id,0.4,38400,0.8153,0.2497
bsa-with-id,0.4,39000,0.8244,0.2474
bsa-with-id,0.4,39600,0.8310,0.2451
bsa-with-id,0.4,40200,0.8409,0.2411
bsa-with-id,0.4,40800,0.8488,0.2372
bsa-with-id,0.4,41400,0.8548,0.2341
bsa-with-id,0.4,42000,0.8586,0.2298
bsa-with-id,0.4,42600,0.8674,0.2241
bsa-with-id,0.4,43200,0.8718,0.2192
bsa-with-id,0.4,43800,0.8766,0.2136
bsa-with-id,0.4,44400,0.8833,0.2106
bsa-with-id,0.4,45000,0.8910,0.2037
bsa-with-id,0.4,45600,0.8953,0.1980
bsa-with-id,0.4,46200,0.8990,0.1932
bsa-with-id,0.4,46800,0.9035,0.1929
bsa-with-id,0.4,47400,0.9090,0.1868
bsa-with-id,0.4,48000,0.9146,0.1806
bsa-with-id,0.4,48600,0.9176,0.1763
bsa-with-id,0.4,49200,0.9231,0.1697
bsa-with-id,0.4,49800,0.9265,0.1652
bsa-with-id,0.4,50400,0.9294,0.1624
bsa-with-id,0.4,51000,0.9343,0.1551
bsa-with-id,0.4,51600,0.9366,0.1548
bsa-with-id,0.4,52200,0.9394,0.1532
bsa-with-id,0.4,52800,0.9423,0.1473
bsa-with-id,0.4,53400,0.9439,0.1460
bsa-with-id,0.4,54000,0.9453,0.1450
bsa-with-id,0.4,54600,0.9487,0.1344
bsa-with-id,0.4,55200,0.9519,0.1298
bsa-with-id,0.4,55800,0.9543,0.1287
bsa-with-id,0.4,56400,0.9557,0.1261
bsa-with-id,0.4,57000,0.9566,0.1256
bsa-with-id,0.4,57600,0.9586,0.1206
bsa-with-id,0.4,58200,0.9596,0.1182
bsa-with-id,0.4,58800,0.9618,0.1185
bsa-with-id,0.4,59400,0.9632,0.1150
bsa-with-id,0.4,60000,0.9648,0.1150
bsa-with-id,0.4,60600,0.9683,0.1050
bsa-with-id,0.4,61200,0.9703,0.0997
bsa-with-id,0.4,61800,0.9718,0.0950
bsa-with-id,0.4,62400,0.9728,0.0947
bsa-with-id,0.4,63000,0.9733,0.0919
bsa-with-id,0.4,63600,0.9738,0.0916
bsa-with-id,0.4,64200,0.9753,0.0891
bsa-with-id,0.4,64800,0.9763,0.0861
bsa-with-id,0.4,65400,0.9789,0.0809
bsa-with-id,0.4,66000,0.9804,0.0787
bsa-with-id,0.4,66600,0.9809,0.0759
bsa-with-id,0.4,67200,0.9819,0.0709
bsa-with-id,0.4,67800,0.9824,0.0710
bsa-with-id,0.4,68400,0.9845,0.0611
bsa-with-id,0.4,69000,0.9855,0.0574
bsa-with-id,0.4,69600,0.9860,0.0544
bsa-with-id,0.4,70200,0.9881,0.0511
bsa-with-id,0.4,70800,0.9886,0.0498
bsa-with-id,0.4,71400,0.9886,0.0498
bsa-with-id,0.4,72000,0.9908,0.0452
bsa-with-id,0.4,72600,0.9913,0.0419
bsa-with-id,0.4,73200,0.9938,0.0327
bsa-with-id,0.4,73800,0.9949,0.0290
bsa-with-id,0.4,74400,0.9954,0.0289
bsa-with-id,0.4,75000,0.9959,0.0253
bsa-with-id,0.4,75600,0.9964,0.0218
bsa-with-id,0.4,76200,0.9964,0.0218
bsa-with-id,0.4,76800,0.9964,0.0218
bsa-with-id,0.4,77400,0.9964,0.0218
bsa-with-id,0.4,78000,0.9969,0.0182
bsa-with-id,0.4,78600,0.9969,0.0182
bsa-with-id,0.4,79200,0.9974,0.0147
bsa-with-id,0.4,79800,0.9979,0.0113
bsa-with-id,0.4,80400,0.9979,0.0113
bsa-with-id,0.4,81000,0.9979,0.0113
bsa-with-id,0.4,81600,0.9979,0.0113
bsa-with-id,0.4,82200,0.9979,0.0113
bsa-with-id,0.4,82800,0.9979,0.0113
bsa-with-id,0.4,83400,0.9985,0.0108
bsa-with-id,0.4,84000,0.9985,0.0108
bsa-with-id,0.4,84600,0.9995,0.0036
bsa-with-id,0.4,85200,0.9995,0.0036
bsa-with-id,0.4,85800,0.9995,0.0036
bsa-with-id,0.4,86400,0.9995,0.0036
bsa-with-id,0.4,87000,0.9995,0.0036
bsa-with-id,0.4,87600,0.9995,0.0036
bsa-with-id,0.4,88200,0.9995,0.0036
bsa-with-id,0.4,88800,0.9995,0.0036
bsa-with-id,0.4,89400,1.0000,0.0000
bsa-with-id,0.6,0,0.0167,0.0015
bsa-with-id,0.6,600,0.0187,0.0068
bsa-with-id,0.6,1200,0.0214,0.0099
bsa-with-id,0.6,1800,0.0245,0.0125
bsa-with-id,0.6,2400,0.0262,0.0135
bsa-with-id,0.6,3000,0.0311,0.0168
bsa-with-id,0.6,3600,0.0367,0.0235
bsa-with-id,0.6,4200,0.0423,0.0277
bsa-with-id,0.6,4800,0.0458,0.0335
bsa-with-id,0.6,5400,0.0528,0.0392
bsa-with-id,0.6,6000,0.0598,0.0420
bsa-with-id,0.6,6600,0.0686,0.0524
bsa-with-id,0.6,7200,0.0830,0.0682
bsa-with-id,0.6,7800,0.0963,0.0783
bsa-with-id,0.6,8400,0.1084,0.0858
bsa-with-id,0.6,9000,0.1245,0.0979
bsa-with-id,0.6,9600,0.1389,0.1088
bsa-with-id,0.6,10200,0.1559,0.1180
bsa-with-id,0.6,10800,0.1720,0.1297
bsa-with-id,0.6,11400,0.1918,0.1427
bsa-with-id,0.6,12000,0.2154,0.1572
bsa-with-id,0.6,12600,0.2331,0.1623
bsa-with-id,0.6,13200,0.2585,0.1724
bsa-with-id,0.6,13800,0.2827,0.1813
bsa-with-id,0.6,14400,0.3052,0.1920
bsa-with-id,0.6,15000,0.3276,0.2048
bsa-with-id,0.6,15600,0.3593,0.2091
bsa-with-id,0.6,16200,0.3846,0.2127
bsa-with-id,0.6,16800,0.4112,0.2193
bsa-with-id,0.6,17400,0.4422,0.2227
bsa-with-id,0.6,18000,0.4694,0.2269
bsa-with-id,0.6,18600,0.4987,0.2354
bsa-with-id,0.6,19200,0.5302,0.2389
bsa-with-id,0.6,19800,0.5649,0.2379
bsa-with-id,0.6,20400,0.5908,0.2332
bsa-with-id,0.6,21000,0.6177,0.2329
bsa-with-id,0.6,21600,0.6472,0.2275
bsa-with-id,0.6,22200,0.6750,0.2267
bsa-with-id,0.6,22800,0.7013,0.2251
bsa-with-id,0.6,23400,0.7221,0.2241
bsa-with-id,0.6,24000,0.7459,0.2199
bsa-with-id,0.6,24600,0.7671,0.2171
bsa-with-id,0.6,25200,0.7877,0.2150
bsa-with-id,0.6,25800,0.8065,0.2121
bsa-with-id,0.6,26400,0.8225,0.2077
bsa-with-id,0.6,27000,0.8374,0.2020
bsa-with-id,0.6,27600,0.8495,0.1949
bsa-with-id,0.6,28200,0.8622,0.1828
bsa-with-id,0.6,28800,0.8735,0.1786
bsa-with-id,0.6,29400,0.8838,0.1732
bsa-with-id,0.6,30000,0.8991,0.1660
bsa-with-id,0.6,30600,0.9079,0.1639
bsa-with-id,0.6,31200,0.9155,0.1603
bsa-with-id,0.6,31800,0.9254,0.1537
bsa-with-id,0.6,32400,0.9318,0.1501
bsa-with-id,0.6,33000,0.9386,0.1447
bsa-with-id,0.6,33600,0.9434,0.1404
bsa-with-id,0.6,34200,0.9477,0.1372
bsa-with-id,0.6,34800,0.9517,0.1359
bsa-with-id,0.6,35400,0.9560,0.1325
bsa-with-id,0.6,36000,0.9596,0.1310
bsa-with-id,0.6,36600,0.9636,0.1296
bsa-with-id,0.6,37200,0.9663,0.1274
bsa-with-id,0.6,37800,0.9683,0.1268
bsa-with-id,0.6,38400,0.9706,0.1246
bsa-with-id,0.6,39000,0.9729,0.1224
bsa-with-id,0.6,39600,0.9743,0.1223
bsa-with-id,0.6,40200,0.9760,0.1203
bsa-with-id,0.6,40800,0.9763,0.1204
bsa-with-id,0.6,41400,0.9769,0.1183
bsa-with-id,0.6,42000,0.9794,0.1033
bsa-with-id,0.6,42600,0.9813,0.0968
bsa-with-id,0.6,43200,0.9819,0.0947
bsa-with-id,0.6,43800,0.9835,0.0883
bsa-with-id,0.6,44400,0.9847,0.0798
bsa-with-id,0.6,45000,0.9860,0.0732
bsa-with-id,0.6,45600,0.9863,0.0710
bsa-with-id,0.6,46200,0.9869,0.0668
bsa-with-id,0.6,46800,0.9886,0.0604
bsa-with-id,0.6,47400,0.9896,0.0583
bsa-with-id,0.6,48000,0.9902,0.0540
bsa-with-id,0.6,48600,0.9914,0.0455
bsa-with-id,0.6,49200,0.9920,0.0433
bsa-with-id,0.6,49800,0.9927,0.0391
bsa-with-id,0.6,50400,0.9936,0.0348
bsa-with-id,0.6,51000,0.9943,0.0324
bsa-with-id,0.6,51600,0.9947,0.0324
bsa-with-id,0.6,52200,0.9950,0.0302
bsa-with-id,0.6,52800,0.9953,0.0281
bsa-with-id,0.6,53400,0.9953,0.0281
bsa-with-id,0.6,54000,0.9959,0.0259
bsa-with-id,0.6,54600,0.9965,0.0217
bsa-with-id,0.6,55200,0.9972,0.0194
bsa-with-id,0.6,55800,0.9985,0.0108
bsa-with-id,0.6,56400,0.9985,0.0108
bsa-with-id,0.6,57000,0.9988,0.0086
bsa-with-id,0.6,57600,0.9988,0.0086
bsa-with-id,0.6,58200,0.9991,0.0065
bsa-with-id,0.6,58800,0.9994,0.0043
bsa-with-id,0.6,59400,0.9994,0.0043
bsa-with-id,0.6,60000,0.9994,0.0043
bsa-with-id,0.6,60600,0.9994,0.0043
bsa-with-id,0.6,61200,0.9994,0.0043
bsa-with-id,0.6,61800,0.9994,0.0043
bsa-with-id,0.6,62400,0.9994,0.0043
bsa-with-id,0.6,63000,0.9994,0.0043
bsa-with-id,0.6,63600,0.9994,0.0043
bsa-with-id,0.6,64200,0.9997,0.0022
bsa-with-id,0.6,64800,0.9997,0.0022
bsa-with-id,0.6,65400,0.9997,0.0022
bsa-with-id,0.6,66000,0.9997,0.0022
bsa-with-id,0.6,66600,0.9997,0.0022
bsa-with-id,0.6,67200,0.9997,0.0022
bsa-with-id,0.6,67800,1.0000,0.0000
bsa-with-id,0.8,0,0.0126,0.0008
bsa-with-id,0.8,600,0.0154,0.0061
bsa-with-id,0.8,1200,0.0196,0.0116
bsa-with-id,0.8,1800,0.0229,0.0144
bsa-with-id,0.8,2400,0.0259,0.0183
bsa-with-id,0.8,3000,0.0317,0.0233
bsa-with-id,0.8,3600,0.0387,0.0304
bsa-with-id,0.8,4200,0.0459,0.0350
bsa-with-id,0.8,4800,0.0559,0.0436
bsa-with-id,0.8,5400,0.0669,0.0557
bsa-with-id,0.8,6000,0.0759,0.0644
bsa-with-id,0.8,6600,0.0914,0.0773
bsa-with-id,0.8,7200,0.1052,0.0860
bsa-with-id,0.8,7800,0.1238,0.0987
bsa-with-id,0.8,8400,0.1445,0.1133
bsa-with-id,0.8,9000,0.1683,0.1239
bsa-with-id,0.8,9600,0.1957,0.1410
bsa-with-id,0.8,10200,0.2239,0.1547
bsa-with-id,0.8,10800,0.2580,0.1713
bsa-with-id,0.8,11400,0.2817,0.1767
bsa-with-id,0.8,12000,0.3177,0.1893
bsa-with-id,0.8,12600,0.3576,0.1977
bsa-with-id,0.8,13200,0.3989,0.2068
bsa-with-id,0.8,13800,0.4345,0.2134
bsa-with-id,0.8,14400,0.4819,0.2125
bsa-with-id,0.8,15000,0.5211,0.2154
bsa-with-id,0.8,15600,0.5618,0.2135
bsa-with-id,0.8,16200,0.5951,0.2114
bsa-with-id,0.8,16800,0.6327,0.2059
bsa-with-id,0.8,17400,0.6739,0.1986
bsa-with-id,0.8,18000,0.7108,0.1898
bsa-with-id,0.8,18600,0.7444,0.1840
bsa-with-id,0.8,19200,0.7701,0.1739
bsa-with-id,0.8,19800,0.8005,0.1625
bsa-with-id,0.8,20400,0.8262,0.1493
bsa-with-id,0.8,21000,0.8484,0.1413
bsa-with-id,0.8,21600,0.8642,0.1357
bsa-with-id,0.8,22200,0.8812,0.1282
bsa-with-id,0.8,22800,0.8963,0.1202
bsa-with-id,0.8,23400,0.9103,0.1155
bsa-with-id,0.8,24000,0.9224,0.1106
bsa-with-id,0.8,24600,0.9324,0.1081
bsa-with-id,0.8,25200,0.9408,0.1055
bsa-with-id,0.8,25800,0.9496,0.0990
bsa-with-id,0.8,26400,0.9564,0.0894
bsa-with-id,0.8,27000,0.9621,0.0812
bsa-with-id,0.8,27600,0.9679,0.0769
bsa-with-id,0.8,28200,0.9719,0.0698
bsa-with-id,0.8,28800,0.9747,0.0678
bsa-with-id,0.8,29400,0.9782,0.0639
bsa-with-id,0.8,30000,0.9811,0.0545
bsa-with-id,0.8,30600,0.9830,0.0490
bsa-with-id,0.8,31200,0.9850,0.0429
bsa-with-id,0.8,31800,0.9883,0.0388
bsa-with-id,0.8,32400,0.9901,0.0349
bsa-with-id,0.8,33000,0.9914,0.0328
bsa-with-id,0.8,33600,0.9928,0.0307
bsa-with-id,0.8,34200,0.9942,0.0232
bsa-with-id,0.8,34800,0.9950,0.0232
bsa-with-id,0.8,35400,0.9954,0.0231
bsa-with-id,0.8,36000,0.9957,0.0231
bsa-with-id,0.8,36600,0.9960,0.0212
bsa-with-id,0.8,37200,0.9970,0.0174
bsa-with-id,0.8,37800,0.9976,0.0136
bsa-with-id,0.8,38400,0.9981,0.0134
bsa-with-id,0.8,39000,0.9984,0.0115
bsa-with-id,0.8,39600,0.9986,0.0096
bsa-with-id,0.8,40200,0.9989,0.0077
bsa-with-id,0.8,40800,0.9992,0.0058
bsa-with-id,0.8,41400,0.9992,0.0058
bsa-with-id,0.8,42000,0.9992,0.0058
bsa-with-id,0.8,42600,0.9992,0.0058
bsa-with-id,0.8,43200,0.9992,0.0058
bsa-with-id,0.8,43800,0.9992,0.0058
bsa-with-id,0.8,44400,0.9992,0.0058
bsa-with-id,0.8,45000,0.9992,0.0058
bsa-with-id,0.8,45600,0.9995,0.0038
bsa-with-id,0.8,46200,0.9995,0.0038
bsa-with-id,0.8,46800,0.9995,0.0038
bsa-with-id,0.8,47400,0.9995,0.0038
bsa-with-id,0.8,48000,0.9995,0.0038
bsa-with-id,0.8,48600,0.9995,0.0038
bsa-with-id,0.8,49200,0.9995,0.0038
bsa-with-id,0.8,49800,0.9995,0.0038
bsa-with-id,0.8,50400,0.9997,0.0019
bsa-with-id,0.8,51000,0.9997,0.0019
bsa-with-id,0.8,51600,0.9997,0.0019
bsa-with-id,0.8,52200,0.9997,0.0019
bsa-with-id,0.8,52800,0.9997,0.0019
bsa-with-id,0.8,53400,0.9997,0.0019
bsa-with-id,0.8,54000,0.9997,0.0019
bsa-with-id,0.8,54600,0.9997,0.0019
bsa-with-id,0.8,55200,0.9997,0.0019
bsa-with-id,0.8,55800,0.9997,0.0019
bsa-with-id,0.8,56400,0.9997,0.0019
bsa-with-id,0.8,57000,0.9997,0.0019
bsa-with-id,0.8,57600,0.9997,0.0019
bsa-with-id,0.8,58200,0.9997,0.0019
bsa-with-id,0.8,58800,1.0000,0.0000
bsa-with-id,1.0,0,0.0100,0.0000
bsa-with-id,1.0,600,0.0124,0.0047
bsa-with-id,1.0,1200,0.0164,0.0100
bsa-with-id,1.0,1800,0.0204,0.0136
bsa-with-id,1.0,2400,0.0228,0.0163
bsa-with-id,1.0,3000,0.0290,0.0211
bsa-with-id,1.0,3600,0.0376,0.0292
bsa-with-id,1.0,4200,0.0476,0.0370
bsa-with-id,1.0,4800,0.0594,0.0489
bsa-with-id,1.0,5400,0.0768,0.0639
bsa-with-id,1.0,6000,0.0954,0.0813
bsa-with-id,1.0,6600,0.1158,0.0956
bsa-with-id,1.0,7200,0.1402,0.1129
bsa-with-id,1.0,7800,0.1668,0.1284
bsa-with-id,1.0,8400,0.1974,0.1444
bsa-with-id,1.0,9000,0.2286,0.1590
bsa-with-id,1.0,9600,0.2634,0.1772
bsa-with-id,1.0,10200,0.3062,0.1946
bsa-with-id,1.0,10800,0.3466,0.2102
bsa-with-id,1.0,11400,0.3944,0.2303
bsa-with-id,1.0,12000,0.4380,0.2414
bsa-with-id,1.0,12600,0.4806,0.2431
bsa-with-id,1.0,13200,0.5240,0.2452
bsa-with-id,1.0,13800,0.5684,0.2522
bsa-with-id,1.0,14400,0.6108,0.2485
bsa-with-id,1.0,15000,0.6550,0.2456
bsa-with-id,1.0,15600,0.6922,0.2420
bsa-with-id,1.0,16200,0.7272,0.2370
bsa-with-id,1.0,16800,0.7638,0.2329
bsa-with-id,1.0,17400,0.7932,0.2268
bsa-with-id,1.0,18000,0.8178,0.2191
bsa-with-id,1.0,18600,0.8392,0.2069
bsa-with-id,1.0,19200,0.8588,0.1933
bsa-with-id,1.0,19800,0.8758,0.1852
bsa-with-id,1.0,20400,0.8912,0.1741
bsa-with-id,1.0,21000,0.9090,0.1602
bsa-with-id,1.0,21600,0.9222,0.1493
bsa-with-id,1.0,22200,0.9332,0.1367
bsa-with-id,1.0,22800,0.9450,0.1156
bsa-with-id,1.0,23400,0.9556,0.0996
bsa-with-id,1.0,24000,0.9630,0.0876
bsa-with-id,1.0,24600,0.9686,0.0810
bsa-with-id,1.0,25200,0.9712,0.0782
bsa-with-id,1.0,25800,0.9760,0.0688
bsa-with-id,1.0,26400,0.9790,0.0633
bsa-with-id,1.0,27000,0.9826,0.0530
bsa-with-id,1.0,27600,0.9860,0.0434
bsa-with-id,1.0,28200,0.9878,0.0395
bsa-with-id,1.0,28800,0.9898,0.0348
bsa-with-id,1.0,29400,0.9906,0.0329
bsa-with-id,1.0,30000,0.9928,0.0254
bsa-with-id,1.0,30600,0.9950,0.0190
bsa-with-id,1.0,31200,0.9956,0.0171
bsa-with-id,1.0,31800,0.9966,0.0152
bsa-with-id,1.0,32400,0.9972,0.0127
bsa-with-id,1.0,33000,0.9980,0.0092
bsa-with-id,1.0,33600,0.9986,0.0063
bsa-with-id,1.0,34200,0.9986,0.0063
bsa-with-id,1.0,34800,0.9988,0.0052
bsa-with-id,1.0,35400,0.9988,0.0052
bsa-with-id,1.0,36000,0.9990,0.0041
bsa-with-id,1.0,36600,0.9990,0.0041
bsa-with-id,1.0,37200,0.9992,0.0034
bsa-with-id,1.0,37800,0.9992,0.0034
bsa-with-id,1.0,38400,0.9996,0.0028
bsa-with-id,1.0,39000,0.9996,0.0028
bsa-with-id,1.0,39600,0.9996,0.0028
bsa-with-id,1.0,40200,0.9998,0.0014
bsa-with-id,1.0,40800,0.9998,0.0014
bsa-with-id,1.0,41400,0.9998,0.0014
bsa-with-id,1.0,42000,0.9998,0.0014
bsa-with-id,1.0,42600,0.9998,0.0014
bsa-with-id,1.0,43200,0.9998,0.0014
bsa-with-id,1.0,43800,0.9998,0.0014
bsa-with-id,1.0,44400,0.9998,0.0014
bsa-with-id,1.0,45000,0.9998,0.0014
bsa-with-id,1.0,45600,0.9998,0.0014
bsa-with-id,1.0,46200,1.0000,0.0000
